USE Project304;

INSERT INTO PostalCode (PostalCode,City,Province)
    VALUES
("V6Z 3G5","Vancouver","BC"),
("V6Z 2L7","Vancouver","BC"),
("V6B 6N9","Vancouver","BC"),
("V6J 3H5","Vancouver","BC"),
("V6S 2G7","Vancouver","BC"),
("V6W 1K4","Richmond","BC"),
("V6W 2M1","Surrey","BC");

INSERT INTO AdvisoryRating (AdvisoryRatingCode,Description)
    VALUES
	("14A","14 Accompaniment"),
	("18A","18 Accompaniment"),
	("G","General"),
	("PG","Parental Guidance"),
	("R","Restricted"),
	("U","Unrated");



INSERT INTO CapacityType (CapacityTypeCode,Description)
    VALUES
("WC","Wheelchair"),
("STD","Standard Seat"),
("DBOX","D-BOX Motion"),
("ZGL","Zero Gravity Lounger");


INSERT INTO ShowingStatus (ShowingStatusCode,Description)
    VALUES
("C","Closed not open for sales"),
("A","Active open for sales"),
("SO","Sold Out"),
("L","Limited Seats left"),
("RES","Privately reserved");


INSERT INTO Venue (VenueCode,Name,Street,PostalCode)
    VALUES
("SCOTIAB","ScotiaBank Theatre","900 Burrard Street","V6Z 3G5"),
("CINEMAT","The Cinemateque","1131 Howe Street","V6Z 2L7"),
("INTVILLAGE","Cineplex International Village","1455 Quebec Street","V6B 6N9"),
("FIFTH","Fifth Avenue Cinemas","2110 Burrard Street","V6J 3H5"),
("DUNBAR","Dunbar Theatre","4555 Dunbar Street","V6S 2G7"),
("SILVERCITY","SilverCity Riverport","14211 Entertainment Way","V6W 1K4"),
("STRAWBERRY","Cineplex Cinemas Strawberry Hill","12161 72nd Ave","V6W 2M1");


INSERT INTO Employee (EmployeeID,VenueCode,GivenName,LastName)
    VALUES
(10,"SCOTIAB","Phil","Robertson"),
(10,"CINEMAT","Robert","Sestak"),
(20,"INTVILLAGE","Linda","Schaeffer"),
(10,"FIFTH","Betty","Crocker"),
(30,"DUNBAR","Louisa","Campbell"),
(20,"SILVERCITY","Susan","Simpson"),
(30,"STRAWBERRY","Jona","Luo"),
(30,"SCOTIAB","Laverne","Wareham"),
(30,"CINEMAT","Sean","Kirk"),
(30,"INTVILLAGE","Debra","Wilkinson"),
(20,"FIFTH","Kevin","Smith"),
(10,"DUNBAR","Shawn","Goldstein"),
(10,"SILVERCITY","Lorraine","Goldstein"),
(20,"STRAWBERRY","Harris","Tweed"),
(20,"SCOTIAB","Juan","Gonzales"),
(20,"CINEMAT","Shaun","Mayhew"),
(10,"INTVILLAGE","Sherilee","Glass"),
(30,"FIFTH","Tilly","Mayhew"),
(20,"DUNBAR","Louise","Goyel"),
(30,"SILVERCITY","Timothy","Wong"),
(10,"STRAWBERRY","Penelope","Angers");


INSERT INTO Role (RoleCode,RoleName,IsCast)
    VALUES
("ACTOR","actor",TRUE),
("ACTRESS","actress",TRUE),
("CINEMATO","cinematographer",FALSE),
("COMP","composer",FALSE),
("DIRECTOR","director",FALSE),
("EDITOR","editor",FALSE),
("PRODU","producer",FALSE),
("PRODDES","production_designer",FALSE),
("SELF","self",TRUE),
("WRITER","writer",FALSE);


INSERT INTO Artist (ArtistID,GivenName,LastName)
    VALUES
(2,"Anthony","Gonzales"),
(3,"Lee","Unkrich"),
(5,"Adrian","Molina"),
(8,"John","Carpenter"),
(7,"Jamie Lee","Curtis"),
(46,"Robert","De Niro"),
(174,"Arnold","Schwarzenegger"),
(190,"Uma","Thurman"),
(30,"Tim","Burton"),
(61,"Danny","Elfman"),
(79,"Corey","Haim"),
(126,"Jennifer Jason","Leigh"),
(137,"Liam","Neeson"),
(153,"Jason","Patric"),
(9,"Donald","Pleasence"),
(144,"Catherine","O'Hara"),
(172,"Chris","Sarandon"),
(173,"Joel","Schumacher"),
(200,"Dianne","Wiest"),
(50,"Charles","Dickens"),
(139,"Thomas","Newman"),
(127,"Kevin","Loader"),
(188,"Caroline","Thompson"),
(31,"Mark","Canton"),
(410,"Kate","Walsh"),
(43,"Dean","Cundey"),
(179,"Mark","Snow"),
(13,"Nathaniel","Arcand"),
(15,"Tom J","Astle"),
(16,"Adam","Beach"),
(19,"Harvey","Bernhard"),
(21,"Andy","Bienen"),
(23,"Jeffrey","Boam"),
(27,"Charles","Bornstein"),
(28,"Zach","Braff"),
(29,"Alice","Braga"),
(32,"Peter","Capaldi"),
(40,"Brandon","Cronenberg"),
(41,"Nathan","Crowley"),
(44,"Johnny","Darrell"),
(45,"Aureli","De Luna"),
(49,"Denise","Di Novi"),
(53,"Jeffrey","Donovan"),
(60,"Jon","Ekstrand"),
(62,"Matt","Ember"),
(63,"Malena","Ernman"),
(64,"Adi","Ezroni"),
(67,"Niv","Fichman"),
(69,"Jan","Fischer"),
(70,"You","Ge"),
(71,"Tesshô","Genda"),
(72,"Jennifer","Gibgot"),
(73,"Phillip","Glasser"),
(78,"Don","Hahn"),
(80,"Izô","Hashimoto"),
(83,"William","Hickey"),
(85,"Debra","Hill"),
(84,"Tim","Hill"),
(86,"Annie J","Howell"),
(88,"Barnard","Hughes"),
(89,"Armando","Iannucci"),
(90,"Mitsuo","Iwata"),
(92,"James","Jeremias"),
(93,"Clark","Johnson"),
(161,"Hilary","Pryor"),
(94,"Shunzo","Kato"),
(1,"Mami","Koyama"),
(97,"Roger","Kumble"),
(98,"Nancy","Kyes"),
(123,"Hugh","Laurie"),
(129,"Jonah","Loop"),
(128,"Louise","Lombard"),
(131,"Michael","McDowell"),
(405,"Katsuji","Misawa"),
(136,"Tony","Moran"),
(143,"Christopher","Nolan"),
(148,"Luc","Otter"),
(171,"Lea","Salonga"),
(4,"Nozomu","Sasaki"),
(175,"Henry","Selick"),
(52,"Lauren Schuler","Donner"),
(178,"Robert Kimmel","Smith"),
(180,"Dylan","Sprouse"),
(181,"Andrew","Starke"),
(184,"Tilda","Swinton"),
(450,"Mandy","Tagger"),
(187,"Emma","Thomas"),
(193,"Loretta","Todd"),
(195,"Hoyte","Van Hoytema"),
(196,"Tommy Lee","Wallace"),
(198,"John David","Washington"),
(203,"Mark","Williams"),
(207,"Shôji","Yamashiro"),
(146,"Katsuhiro","Ôtomo"),
(22,"Simon","Blackwell"),
(57,"Andrew","Duncan"),
(149,"Joel","Oulette"),
(125,"Knate","Lee"),
(189,"Greta","Thunberg"),
(91,"Jason","James"),
(199,"Li","Wei"),
(182,"Rossif","Sutherland"),
(42,"Rey","Cuerdo"),
(140,"Zac","Nicholson"),
(35,"Nicolas","Chartier"),
(24,"Dominique","Boisvert"),
(147,"Michel","Ott"),
(95,"Simon","Kinberg"),
(155,"Marvin","Peart"),
(163,"Rob","Riggle"),
(26,"Liam","Booth"),
(154,"Robert","Pattinson"),
(460,"Jim","Williams"),
(77,"António","Guterres"),
(151,"Diane","Paragas"),
(82,"Fredrik","Heinig"),
(166,"Karen","Rosenfelt"),
(51,"Ian","Dimerman"),
(56,"Tai","Duncan"),
(17,"Daniel","Bekerman"),
(194,"Juhan","Ulfsak"),
(25,"Josh","Boone"),
(20,"Paddy","Bickerton"),
(206,"Zheng","Xu"),
(141,"Hao","Ning"),
(65,"Wei","Fan"),
(164,"Andrea","Riseborough"),
(133,"Garfield Lindsay","Miller"),
(36,"Sicheng","Chen"),
(12,"Monique","Alvarez"),
(87,"Bo","Huang"),
(99,"Jennifer","Lame"),
(152,"Dev","Patel"),
(39,"Jai","Courtney"),
(6,"Matthew","Allrich"),
(34,"Craig","Chapman"),
(191,"Hero Fiennes","Tiffin"),
(400,"Kevin","Krikst"),
(205,"Eleanor","Wilson"),
(48,"Chao","Deng"),
(204,"Christopher","Willis"),
(75,"Ludwig","Göransson"),
(138,"Cecilia","Nessen"),
(10,"Christopher","Abbott"),
(201,"Maisie","Williams"),
(176,"Ao","Shen"),
(38,"Celena","Cipriaso"),
(74,"Gustavo","Gomez"),
(135,"Peter","Modestij"),
(54,"Charlie","Dorfman"),
(177,"Ben","Sinclair"),
(14,"Fraser","Ash"),
(47,"Elizabeth","Debicki"),
(130,"Sunita","Mani"),
(66,"Oakes","Fegley"),
(59,"John","Early"),
(58,"Kara","Durrett"),
(124,"Ethan","Lazar"),
(55,"Grace","Dove"),
(11,"Pathy","Aiyar"),
(145,"Andrew","Orkin"),
(150,"Julien","Pappé"),
(76,"Nathan","Grossman"),
(186,"Anya","Taylor-Joy"),
(183,"Ryôhei","Suzuki"),
(162,"John","Reynolds"),
(165,"Eden","Robinson"),
(81,"Charlie","Heaton"),
(100,"Josephine","Langford"),
(37,"Teng","Cheng"),
(134,"Cecilia","Mejia"),
(192,"Anna","Todd"),
(18,"Olof","Berglind"),
(208,"Fei","Yan"),
(156,"Da-Mo","Peng"),
(68,"Alex Huston","Fischer"),
(142,"Eva","Noblezada"),
(33,"Mario","Celaya");



INSERT INTO Movie (MovieID,Title,AdvisoryRatingCode)
    VALUES
(20,"Lost Boys","R"),
(1,"Akira","PG"),
(2,"Coco","G"),
(3,"Halloween (1978)","18A"),
(4,"Honest Thief","PG"),
(5,"Possessor Uncut","18A"),
(6,"Tenet","PG"),
(7,"After We Collided","14A"),
(8,"I am Greta","PG"),
(9,"Jiang Ziya","PG"),
(10,"Monkey Beach","14A"),
(11,"My People, My Homeland","PG"),
(12,"The New Mutants","14A"),
(13,"The Nightmare Before Christmas","PG"),
(14,"Percy","G"),
(15,"The Personal History of David Copperfield","PG"),
(16,"Save Yourselves!","PG"),
(17,"The SpongeBob Movie: Sponge on the Run","G"),
(18,"The War with Grandpa","G"),
(19,"Yellow Rose","PG");

INSERT INTO MovieCastCrew (RoleCode,ArtistID,MovieID,PartPlayed,Position)
    VALUES
("ACTOR",172,13,"Jack Skellington",NULL),
("ACTOR",32,15,"Mr Micawber",NULL),
("ACTOR",13,10,"Albert",NULL),
("ACTOR",87,11,"Huang Dabao (Adult)",NULL),
("ACTOR",70,11,"Zhang Beijing",NULL),
("ACTOR",65,11,"Lao Fan",NULL),
("ACTOR",48,11,"Qiao Shulin (Adult)",NULL),
("ACTOR",191,7,"Hardin Scott",NULL),
("ACTOR",61,13,"Jack Skellington - Singing Voice,Barrel,Clown with the Tear Away Face",NULL),
("ACTOR",194,6,"Passenger",NULL),
("ACTOR",83,13,"Evil Scientist",NULL),
("ACTOR",11,14,"Vasu Pandit",NULL),
("ACTOR",16,14,"Alton Kelly",NULL),
("ACTOR",28,14,"Jackson Weaver",NULL),
("ACTOR",152,15,"David Copperfield",NULL),
("ACTOR",123,15,"Mr Dick",NULL),
("ACTOR",81,12,"Sam Guthrie",NULL),
("ACTOR",137,4,"Tom",NULL),
("ACTOR",153,20,"Michael",NULL),
("ACTOR",79,20,"Sam",NULL),
("ACTOR",88,20,"Grandpa",NULL),
("ACTOR",90,1,"Kaneda", NULL),
("ACTOR",4,1,"Tetsuo", NULL),
("ACTOR",71,1,"Ryu", NULL),
("ACTOR",180,7,"Trevor Matthews", NULL),
("ACTOR",136,3,"Michael Myers (age 23)", NULL),
("ACTOR",149,10,"Jimmy", NULL),
("ACTOR",39,4,"Agent Nivens", NULL),
("ACTOR",53,4,"Agent Meyers", NULL),
("ACTOR",10,5,"Colin Tate", NULL),
("ACTOR",182,5,"Michael Vos", NULL),
("ACTOR",198,6,"Protagonist", NULL),
("ACTOR",154,6,"Neil", NULL),
("ACTOR",9,3,"Loomis", NULL),
("ACTOR",177,16,"Raph", NULL),
("ACTOR",162,16,"Jack", NULL),
("ACTOR",66,18,"Peter", NULL),
("ACTOR",74,19,"Jose", NULL),
("ACTOR",163,18,"Arthur", NULL),
("ACTOR",26,19,"Elliot Blatnik", NULL),
("ACTOR",16,10,"Uncle Mick", NULL),
("ACTOR",59,16,"Blake", NULL),
("ACTOR",46,18,"Ed", NULL),
("ACTRESS",100,7,"Tessa Young", NULL),
("ACTRESS",29,12,"Dr. Reyes", NULL),
("ACTRESS",186,12,"Illyana Rasputin", NULL),
("ACTRESS",201,12,"Rahne Sinclair", NULL),
("ACTRESS",55,10,"Lisa", NULL),
("ACTRESS",1,1,"Kei", NULL),
("ACTRESS",190,18,"Sally", NULL),
("ACTRESS",47,6,"Kat", NULL),
("ACTRESS",126,5,"Girder", NULL),
("ACTRESS",164,5,"Tasya Vos", NULL),
("ACTRESS",410,4,"Annie", NULL),
("ACTRESS",98,3,"Annie", NULL),
("ACTRESS",171,19,"Gail", NULL),
("ACTRESS",7,3,"Laurie", NULL),
("ACTRESS",142,19,"Rose Garcia", NULL),
("ACTRESS",128,7,"Trish Daniels", NULL),
("ACTRESS",184,15,"Betsey Trotwood", NULL),
("ACTRESS",144,13,"Sally,Shock", NULL),
("ACTRESS",200,20,"Lucy", NULL),
("ACTRESS",130,16,"Su", NULL),
("ACTRESS",12,14,"Jane Doe", NULL),
("CINEMATO",195,6,NULL, NULL),
("CINEMATO",43,3, NULL,"director of photography"),
("CINEMATO",140,15, NULL, NULL),
("CINEMATO",405,1, NULL,"director of photography"),
("COMP",179,12, NULL, NULL),
("COMP",145,16, NULL, NULL),
("COMP",204,15, NULL, NULL),
("COMP",75,6, NULL, NULL),
("COMP",60,8, NULL,"composer"),
("COMP",460,5, NULL, NULL),
("COMP",207,1, NULL, NULL),
("COMP",139,20, NULL, NULL),
("COMP",147,2, NULL, NULL),
("DIRECTOR",89,15, NULL, NULL),
("DIRECTOR",97,7, NULL, NULL),
("DIRECTOR",148,2, NULL, NULL),
("DIRECTOR",173,20, NULL, NULL),
("DIRECTOR",76,8, NULL, NULL),
("DIRECTOR",37,9, NULL, NULL),
("DIRECTOR",93,14, NULL, NULL),
("DIRECTOR",84,18, NULL, NULL),
("DIRECTOR",40,5, NULL, NULL),
("DIRECTOR",146,1, NULL,"supervising director"),
("DIRECTOR",203,4, NULL, NULL),
("DIRECTOR",8,3, NULL, NULL),
("DIRECTOR",24,2, NULL, NULL),
("DIRECTOR",143,6, NULL, NULL),
("DIRECTOR",156,11, NULL, NULL),
("DIRECTOR",206,11, NULL, NULL),
("DIRECTOR",176,11, NULL, NULL),
("DIRECTOR",193,10, NULL, NULL),
("DIRECTOR",208,11, NULL, NULL),
("DIRECTOR",205,16, NULL, NULL),
("DIRECTOR",151,19, NULL, NULL),
("DIRECTOR",68,16, NULL, NULL),
("DIRECTOR",25,12, NULL, NULL),
("DIRECTOR",141,11, NULL,"general director"),
("DIRECTOR",36,11, NULL, NULL),
("DIRECTOR",199,9, NULL, NULL),
("DIRECTOR",175,13, NULL, NULL),
("EDITOR",27,3, NULL, NULL),
("EDITOR",196,3, NULL, NULL),
("EDITOR",99,6, NULL, NULL),
("PRODU",17,14, NULL,"producer"),
("PRODU",51,14, NULL,"producer"),
("PRODU",14,5, NULL,"producer"),
("PRODU",56,4, NULL,"producer"),
("PRODU",54,4, NULL,"producer"),
("PRODU",67,5, NULL,"producer"),
("PRODU",94,1, NULL,"producer"),
("PRODU",181,5, NULL,"producer"),
("PRODU",183,1, NULL,"producer"),
("PRODU",73,18, NULL,"producer"),
("PRODU",134,19, NULL,"producer"),
("PRODU",129,4, NULL,"producer"),
("PRODU",127,15, NULL,"producer"),
("PRODU",95,12, NULL,"producer"),
("PRODU",166,12, NULL,"producer"),
("PRODU",52,12, NULL,"producer"),
("PRODU",34,4, NULL,"producer"),
("PRODU",49,13, NULL,"producer"),
("PRODU",138,8, NULL,"producer"),
("PRODU",31,7, NULL,"producer"),
("PRODU",91,10, NULL,"producer"),
("PRODU",155,18, NULL,"producer"),
("PRODU",42,19, NULL,"producer"),
("PRODU",35,7, NULL,"producer"),
("PRODU",124,14, NULL,"producer"),
("PRODU",78,13, NULL,"producer"),
("PRODU",82,8, NULL,"producer"),
("PRODU",20,10, NULL,"producer"),
("PRODU",400,5, NULL,"producer"),
("PRODU",72,7, NULL,"producer"),
("PRODU",450,16, NULL,"producer"),
("PRODU",64,16, NULL,"producer"),
("PRODU",58,16, NULL,"producer"),
("PRODU",187,6, NULL,"producer"),
("PRODU",19,20, NULL,"producer"),
("PRODDES",41,6, NULL, NULL),
("SELF",174,8,"Self", NULL),
("SELF",189,8,"Self", NULL),
("SELF",77,8,"Self", NULL),
("SELF",63,8,"Self", NULL),
("WRITER",69,20, NULL,"story"),
("WRITER",23,20, NULL,"screenplay"),
("WRITER",86,19, NULL,"writer"),
("WRITER",38,19, NULL,"co-writer"),
("WRITER",21,19, NULL,"story by"),
("WRITER",92,20, NULL,"story"),
("WRITER",80,1, NULL,"screenplay"),
("WRITER",44,10, NULL,"screenplay"),
("WRITER",22,15, NULL,"screenplay by"),
("WRITER",50,15, NULL,"novel"),
("WRITER",161,14, NULL,"written by"),
("WRITER",133,14, NULL,"written by"),
("WRITER",188,13, NULL,"screenplay"),
("WRITER",131,13, NULL,"adaptation"),
("WRITER",30,13, NULL,"story and characters"),
("WRITER",125,12, NULL,"written by"),
("WRITER",192,7, NULL,"screenplay by"),
("WRITER",57,10, NULL,"screenplay"),
("WRITER",45,2, NULL, NULL),
("WRITER",135,8, NULL,"based on an idea and concept by"),
("WRITER",18,8, NULL,"story editor"),
("WRITER",33,7, NULL,"screenplay by"),
("WRITER",15,18, NULL,"screenplay by"),
("WRITER",62,18, NULL,"screenplay by"),
("WRITER",6,4, NULL,"written by"),
("WRITER",178,18, NULL,"based on the book ""The War with Grandpa"" by"),
("WRITER",85,3, NULL,"screenplay"),
("WRITER",165,10, NULL,"novel");

INSERT INTO Theatre (TheatreID,VenueCode,DisplayName,MapRows,MapColumns)
    VALUES
(10,"DUNBAR","Theatre 1",9,8),
(20,"DUNBAR","Theatre 2",9,8),
(30,"SCOTIAB","Theatre 1",17,20),
(40,"SCOTIAB","Theatre 2",19,22),
(50,"SCOTIAB","Theatre 3",9,8),
(60,"SCOTIAB","Theatre 4",9,8),
(70,"SCOTIAB","Theatre 5",9,8),
(80,"SCOTIAB","Theatre 6",9,8),
(90,"FIFTH","Theatre 1",9,8),
(100,"FIFTH","Theatre 2",9,8),
(110,"FIFTH","Theatre 3",9,8),
(120,"CINEMAT","Theatre 1",9,8),
(130,"SILVERCITY","Theatre 1",9,8),
(140,"SILVERCITY","Theatre 2",9,8),
(150,"SILVERCITY","Theatre 3",9,8),
(160,"SILVERCITY","Theatre 4",9,8),
(170,"SILVERCITY","Theatre 5",9,8),
(180,"SILVERCITY","Theatre 6",9,8),
(190,"SILVERCITY","Theatre 7",9,8),
(200,"SILVERCITY","Theatre 8",9,8),
(210,"STRAWBERRY","Theatre 99",9,8),
(220,"STRAWBERRY","Theatre 98",9,8),
(230,"INTVILLAGE","Theatre 97",9,8),
(240,"INTVILLAGE","Theatre 96",9,8);

INSERT INTO Capacity (TheatreID,CapacityTypeCode,QuantityAvailable)
    VALUES
(10,"STD",25),
(10,"WC",3),
(10,"ZGL",18),
(20,"STD",25),
(20,"WC",3),
(20,"ZGL",18),
(30,"STD",234),
(30,"WC",5),
(40,"DBOX",20),
(40,"STD",227),
(40,"WC",5),
(50,"STD",25),
(50,"WC",3),
(50,"ZGL",18),
(60,"STD",25),
(60,"WC",3),
(60,"ZGL",18),
(70,"STD",25),
(70,"WC",3),
(70,"ZGL",18),
(80,"STD",25),
(80,"WC",3),
(80,"ZGL",18),
(90,"STD",25),
(90,"WC",3),
(90,"ZGL",18),
(100,"STD",25),
(100,"WC",3),
(100,"ZGL",18),
(110,"STD",25),
(110,"WC",3),
(110,"ZGL",18),
(120,"STD",25),
(120,"WC",3),
(120,"ZGL",18),
(130,"STD",25),
(130,"WC",3),
(130,"ZGL",18),
(140,"STD",25),
(140,"WC",3),
(140,"ZGL",18),
(150,"STD",25),
(150,"WC",3),
(150,"ZGL",18),
(160,"STD",25),
(160,"WC",3),
(160,"ZGL",18),
(170,"STD",25),
(170,"WC",3),
(170,"ZGL",18),
(180,"STD",25),
(180,"WC",3),
(180,"ZGL",18),
(190,"STD",25),
(190,"WC",3),
(190,"ZGL",18),
(200,"STD",25),
(200,"WC",3),
(200,"ZGL",18);

INSERT INTO Seat (SeatID,TheatreID,CapacityTypeCode,RowCode,SeatCode,MapRow ,MapColumn)
    VALUES
(1,10,"STD","A","1",1,1),
(2,10,"STD","A","2",1,2),
(3,10,"STD","A","3",1,3),
(4,10,"STD","A","4",1,4),
(5,10,"STD","A","5",1,5),
(6,10,"STD","A","6",1,6),
(7,10,"STD","B","1",2,1),
(8,10,"STD","B","2",2,2),
(9,10,"STD","B","3",2,3),
(10,10,"STD","B","4",2,4),
(11,10,"STD","B","5",2,5),
(12,10,"STD","B","6",2,6),
(13,10,"WC","C","1",3,1),
(14,10,"WC","C","2",3,3),
(15,10,"STD","C","3",3,4),
(16,10,"WC","C","4",3,6),
(17,10,"ZGL","D","1",4,1),
(18,10,"ZGL","D","2",4,2),
(19,10,"ZGL","D","3",4,3),
(20,10,"ZGL","D","4",4,4),
(21,10,"ZGL","D","5",4,5),
(22,10,"ZGL","D","6",4,6),
(23,10,"ZGL","E","1",5,1),
(24,10,"ZGL","E","2",5,2),
(25,10,"ZGL","E","3",5,3),
(26,10,"ZGL","E","4",5,4),
(27,10,"ZGL","E","5",5,5),
(28,10,"ZGL","E","6",5,6),
(29,10,"ZGL","F","1",6,1),
(30,10,"ZGL","F","2",6,2),
(31,10,"ZGL","F","3",6,3),
(32,10,"ZGL","F","4",6,4),
(33,10,"ZGL","F","5",6,5),
(34,10,"ZGL","F","6",6,6),
(35,10,"STD","G","1",7,1),
(36,10,"STD","G","2",7,2),
(37,10,"STD","G","3",7,3),
(38,10,"STD","G","4",7,4),
(39,10,"STD","G","5",7,5),
(40,10,"STD","G","6",7,6),
(41,10,"STD","H","1",8,1),
(42,10,"STD","H","2",8,2),
(43,10,"STD","H","3",8,3),
(44,10,"STD","H","4",8,4),
(45,10,"STD","H","5",8,5),
(46,10,"STD","H","6",8,6),
(47,20,"STD","A","1",1,1),
(48,20,"STD","A","2",1,2),
(49,20,"STD","A","3",1,3),
(50,20,"STD","A","4",1,4),
(51,20,"STD","A","5",1,5),
(52,20,"STD","A","6",1,6),
(53,20,"STD","B","1",2,1),
(54,20,"STD","B","2",2,2),
(55,20,"STD","B","3",2,3),
(56,20,"STD","B","4",2,4),
(57,20,"STD","B","5",2,5),
(58,20,"STD","B","6",2,6),
(59,20,"WC","C","1",3,1),
(60,20,"WC","C","2",3,3),
(61,20,"STD","C","3",3,4),
(62,20,"WC","C","4",3,6),
(63,20,"ZGL","D","1",4,1),
(64,20,"ZGL","D","2",4,2),
(65,20,"ZGL","D","3",4,3),
(66,20,"ZGL","D","4",4,4),
(67,20,"ZGL","D","5",4,5),
(68,20,"ZGL","D","6",4,6),
(69,20,"ZGL","E","1",5,1),
(70,20,"ZGL","E","2",5,2),
(71,20,"ZGL","E","3",5,3),
(72,20,"ZGL","E","4",5,4),
(73,20,"ZGL","E","5",5,5),
(74,20,"ZGL","E","6",5,6),
(75,20,"ZGL","F","1",6,1),
(76,20,"ZGL","F","2",6,2),
(77,20,"ZGL","F","3",6,3),
(78,20,"ZGL","F","4",6,4),
(79,20,"ZGL","F","5",6,5),
(80,20,"ZGL","F","6",6,6),
(81,20,"STD","G","1",7,1),
(82,20,"STD","G","2",7,2),
(83,20,"STD","G","3",7,3),
(84,20,"STD","G","4",7,4),
(85,20,"STD","G","5",7,5),
(86,20,"STD","G","6",7,6),
(87,20,"STD","H","1",8,1),
(88,20,"STD","H","2",8,2),
(89,20,"STD","H","3",8,3),
(90,20,"STD","H","4",8,4),
(91,20,"STD","H","5",8,5),
(92,20,"STD","H","6",8,6),
(93,30,"STD","A","1",2,1),
(94,30,"STD","A","2",2,2),
(95,30,"STD","A","3",2,3),
(96,30,"STD","A","4",2,4),
(97,30,"STD","A","5",2,5),
(98,30,"STD","A","6",2,6),
(99,30,"STD","A","7",2,7),
(100,30,"STD","A","8",2,8),
(101,30,"STD","A","9",2,9),
(102,30,"STD","A","10",2,10),
(103,30,"STD","A","11",2,11),
(104,30,"STD","A","12",2,12),
(105,30,"STD","A","13",2,13),
(106,30,"STD","A","14",2,14),
(107,30,"STD","A","15",2,15),
(108,30,"STD","A","16",2,16),
(109,30,"STD","A","17",2,17),
(110,30,"STD","A","18",2,18),
(111,30,"STD","B","1",3,1),
(112,30,"STD","B","2",3,2),
(113,30,"STD","B","3",3,3),
(114,30,"STD","B","4",3,4),
(115,30,"STD","B","5",3,5),
(116,30,"STD","B","6",3,6),
(117,30,"STD","B","7",3,7),
(118,30,"STD","B","8",3,8),
(119,30,"STD","B","9",3,9),
(120,30,"STD","B","10",3,10),
(121,30,"STD","B","11",3,11),
(122,30,"STD","B","12",3,12),
(123,30,"STD","B","13",3,13),
(124,30,"STD","B","14",3,14),
(125,30,"STD","B","15",3,15),
(126,30,"STD","B","16",3,16),
(127,30,"STD","B","17",3,17),
(128,30,"STD","B","18",3,18),
(129,30,"STD","C","1",4,1),
(130,30,"STD","C","2",4,2),
(131,30,"STD","C","3",4,3),
(132,30,"STD","C","4",4,4),
(133,30,"STD","C","5",4,5),
(134,30,"STD","C","6",4,6),
(135,30,"STD","C","7",4,7),
(136,30,"STD","C","8",4,8),
(137,30,"STD","C","9",4,9),
(138,30,"STD","C","10",4,10),
(139,30,"STD","C","11",4,11),
(140,30,"STD","C","12",4,12),
(141,30,"STD","C","13",4,13),
(142,30,"STD","C","14",4,14),
(143,30,"STD","C","15",4,15),
(144,30,"STD","C","16",4,16),
(145,30,"STD","C","17",4,17),
(146,30,"STD","C","18",4,18),
(147,30,"STD","D","1",5,1),
(148,30,"STD","D","2",5,2),
(149,30,"STD","D","3",5,3),
(150,30,"STD","D","4",5,4),
(151,30,"STD","D","5",5,5),
(152,30,"STD","D","6",5,6),
(153,30,"STD","D","7",5,7),
(154,30,"STD","D","8",5,8),
(155,30,"STD","D","9",5,9),
(156,30,"STD","D","10",5,10),
(157,30,"STD","D","11",5,11),
(158,30,"STD","D","12",5,12),
(159,30,"STD","D","13",5,13),
(160,30,"STD","D","14",5,14),
(161,30,"STD","D","15",5,15),
(162,30,"STD","D","16",5,16),
(163,30,"STD","D","17",5,17),
(164,30,"STD","D","18",5,18),
(165,30,"STD","E","1",6,1),
(166,30,"STD","E","2",6,2),
(167,30,"STD","E","3",6,3),
(168,30,"WC","E","4",6,5),
(169,30,"WC","E","5",6,7),
(170,30,"WC","E","6",6,9),
(171,30,"WC","E","7",6,11),
(172,30,"WC","E","8",6,13),
(173,30,"STD","E","9",6,15),
(174,30,"STD","E","10",6,16),
(175,30,"STD","E","11",6,17),
(176,30,"STD","E","12",6,18),
(177,30,"STD","F","1",8,1),
(178,30,"STD","F","2",8,2),
(179,30,"STD","F","3",8,3),
(180,30,"STD","F","4",8,4),
(181,30,"STD","F","5",8,5),
(182,30,"STD","F","6",8,6),
(183,30,"STD","F","7",8,7),
(184,30,"STD","F","8",8,8),
(185,30,"STD","F","9",8,9),
(186,30,"STD","F","10",8,10),
(187,30,"STD","F","11",8,11),
(188,30,"STD","F","12",8,12),
(189,30,"STD","F","13",8,13),
(190,30,"STD","F","14",8,14),
(191,30,"STD","F","15",8,15),
(192,30,"STD","F","16",8,16),
(193,30,"STD","F","17",8,17),
(194,30,"STD","G","1",9,1),
(195,30,"STD","G","2",9,2),
(196,30,"STD","G","3",9,3),
(197,30,"STD","G","4",9,4),
(198,30,"STD","G","5",9,5),
(199,30,"STD","G","6",9,6),
(200,30,"STD","G","7",9,7),
(201,30,"STD","G","8",9,8),
(202,30,"STD","G","9",9,9),
(203,30,"STD","G","10",9,10),
(204,30,"STD","G","11",9,11),
(205,30,"STD","G","12",9,12),
(206,30,"STD","G","13",9,13),
(207,30,"STD","G","14",9,14),
(208,30,"STD","G","15",9,15),
(209,30,"STD","G","16",9,16),
(210,30,"STD","G","17",9,17),
(211,30,"STD","G","18",9,18),
(212,30,"STD","H","1",10,1),
(213,30,"STD","H","2",10,2),
(214,30,"STD","H","3",10,3),
(215,30,"STD","H","4",10,4),
(216,30,"STD","H","5",10,5),
(217,30,"STD","H","6",10,6),
(218,30,"STD","H","7",10,7),
(219,30,"STD","H","8",10,8),
(220,30,"STD","H","9",10,9),
(221,30,"STD","H","10",10,10),
(222,30,"STD","H","11",10,11),
(223,30,"STD","H","12",10,12),
(224,30,"STD","H","13",10,13),
(225,30,"STD","H","14",10,14),
(226,30,"STD","H","15",10,15),
(227,30,"STD","H","16",10,16),
(228,30,"STD","H","17",10,17),
(229,30,"STD","H","18",10,18),
(230,30,"STD","I","1",11,1),
(231,30,"STD","I","2",11,2),
(232,30,"STD","I","3",11,3),
(233,30,"STD","I","4",11,4),
(234,30,"STD","I","5",11,5),
(235,30,"STD","I","6",11,6),
(236,30,"STD","I","7",11,7),
(237,30,"STD","I","8",11,8),
(238,30,"STD","I","9",11,9),
(239,30,"STD","I","10",11,10),
(240,30,"STD","I","11",11,11),
(241,30,"STD","I","12",11,12),
(242,30,"STD","I","13",11,13),
(243,30,"STD","I","14",11,14),
(244,30,"STD","I","15",11,15),
(245,30,"STD","I","16",11,16),
(246,30,"STD","I","17",11,17),
(247,30,"STD","I","18",11,18),
(248,30,"STD","J","1",12,1),
(249,30,"STD","J","2",12,2),
(250,30,"STD","J","3",12,3),
(251,30,"STD","J","4",12,4),
(252,30,"STD","J","5",12,5),
(253,30,"STD","J","6",12,6),
(254,30,"STD","J","7",12,7),
(255,30,"STD","J","8",12,8),
(256,30,"STD","J","9",12,9),
(257,30,"STD","J","10",12,10),
(258,30,"STD","J","11",12,11),
(259,30,"STD","J","12",12,12),
(260,30,"STD","J","13",12,13),
(261,30,"STD","J","14",12,14),
(262,30,"STD","J","15",12,15),
(263,30,"STD","J","16",12,16),
(264,30,"STD","J","17",12,17),
(265,30,"STD","J","18",12,18),
(266,30,"STD","K","1",13,1),
(267,30,"STD","K","2",13,2),
(268,30,"STD","K","3",13,3),
(269,30,"STD","K","4",13,4),
(270,30,"STD","K","5",13,5),
(271,30,"STD","K","6",13,6),
(272,30,"STD","K","7",13,7),
(273,30,"STD","K","8",13,8),
(274,30,"STD","K","9",13,9),
(275,30,"STD","K","10",13,10),
(276,30,"STD","K","11",13,11),
(277,30,"STD","K","12",13,12),
(278,30,"STD","K","13",13,13),
(279,30,"STD","K","14",13,14),
(280,30,"STD","K","15",13,15),
(281,30,"STD","K","16",13,16),
(282,30,"STD","K","17",13,17),
(283,30,"STD","K","18",13,18),
(284,30,"STD","L","1",14,1),
(285,30,"STD","L","2",14,2),
(286,30,"STD","L","3",14,3),
(287,30,"STD","L","4",14,4),
(288,30,"STD","L","5",14,5),
(289,30,"STD","L","6",14,6),
(290,30,"STD","L","7",14,7),
(291,30,"STD","L","8",14,8),
(292,30,"STD","L","9",14,9),
(293,30,"STD","L","10",14,10),
(294,30,"STD","L","11",14,11),
(295,30,"STD","L","12",14,12),
(296,30,"STD","L","13",14,13),
(297,30,"STD","L","14",14,14),
(298,30,"STD","L","15",14,15),
(299,30,"STD","L","16",14,16),
(300,30,"STD","L","17",14,17),
(301,30,"STD","L","18",14,18),
(302,30,"STD","M","1",15,2),
(303,30,"STD","M","2",15,3),
(304,30,"STD","M","3",15,4),
(305,30,"STD","M","4",15,5),
(306,30,"STD","M","5",15,6),
(307,30,"STD","M","6",15,7),
(308,30,"STD","M","7",15,8),
(309,30,"STD","M","8",15,9),
(310,30,"STD","M","9",15,10),
(311,30,"STD","M","10",15,11),
(312,30,"STD","M","11",15,12),
(313,30,"STD","M","12",15,13),
(314,30,"STD","M","13",15,14),
(315,30,"STD","M","14",15,15),
(316,30,"STD","M","15",15,16),
(317,30,"STD","M","16",15,17),
(318,30,"STD","N","1",16,3),
(319,30,"STD","N","2",16,4),
(320,30,"STD","N","3",16,5),
(321,30,"STD","N","4",16,6),
(322,30,"STD","N","5",16,7),
(323,30,"STD","N","6",16,8),
(324,30,"STD","N","7",16,9),
(325,30,"STD","N","8",16,10),
(326,30,"STD","N","9",16,11),
(327,30,"STD","N","10",16,12),
(328,30,"STD","N","11",16,13),
(329,30,"STD","N","12",16,14),
(330,30,"STD","N","13",16,15),
(331,30,"STD","N","14",16,16),
(332,40,"STD","A","1",2,2),
(333,40,"STD","A","2",2,3),
(334,40,"STD","A","3",2,4),
(335,40,"STD","A","4",2,5),
(336,40,"STD","A","5",2,6),
(337,40,"STD","A","6",2,7),
(338,40,"STD","A","7",2,8),
(339,40,"STD","A","8",2,9),
(340,40,"STD","A","9",2,10),
(341,40,"STD","A","10",2,11),
(342,40,"STD","A","11",2,12),
(343,40,"STD","A","12",2,13),
(344,40,"STD","A","13",2,14),
(345,40,"STD","A","14",2,15),
(346,40,"STD","A","15",2,16),
(347,40,"STD","A","16",2,17),
(348,40,"STD","A","17",2,18),
(349,40,"STD","A","18",2,19),
(350,40,"STD","B","1",3,2),
(351,40,"STD","B","2",3,3),
(352,40,"STD","B","3",3,4),
(353,40,"STD","B","4",3,5),
(354,40,"STD","B","5",3,6),
(355,40,"STD","B","6",3,7),
(356,40,"STD","B","7",3,8),
(357,40,"STD","B","8",3,9),
(358,40,"STD","B","9",3,10),
(359,40,"STD","B","10",3,11),
(360,40,"STD","B","11",3,12),
(361,40,"STD","B","12",3,13),
(362,40,"STD","B","13",3,14),
(363,40,"STD","B","14",3,15),
(364,40,"STD","B","15",3,16),
(365,40,"STD","B","16",3,17),
(366,40,"STD","B","17",3,18),
(367,40,"STD","B","18",3,19),
(368,40,"STD","C","1",4,2),
(369,40,"STD","C","2",4,3),
(370,40,"STD","C","3",4,4),
(371,40,"STD","C","4",4,5),
(372,40,"STD","C","5",4,6),
(373,40,"STD","C","6",4,7),
(374,40,"STD","C","7",4,8),
(375,40,"STD","C","8",4,9),
(376,40,"STD","C","9",4,10),
(377,40,"STD","C","10",4,11),
(378,40,"STD","C","11",4,12),
(379,40,"STD","C","12",4,13),
(380,40,"STD","C","13",4,14),
(381,40,"STD","C","14",4,15),
(382,40,"STD","C","15",4,16),
(383,40,"STD","C","16",4,17),
(384,40,"STD","C","17",4,18),
(385,40,"STD","C","18",4,19),
(386,40,"STD","D","1",5,2),
(387,40,"STD","D","2",5,3),
(388,40,"STD","D","3",5,4),
(389,40,"STD","D","4",5,5),
(390,40,"STD","D","5",5,6),
(391,40,"STD","D","6",5,7),
(392,40,"STD","D","7",5,8),
(393,40,"STD","D","8",5,9),
(394,40,"STD","D","9",5,10),
(395,40,"STD","D","10",5,11),
(396,40,"STD","D","11",5,12),
(397,40,"STD","D","12",5,13),
(398,40,"STD","D","13",5,14),
(399,40,"STD","D","14",5,15),
(400,40,"STD","D","15",5,16),
(401,40,"STD","D","16",5,17),
(402,40,"STD","D","17",5,18),
(403,40,"STD","D","18",5,19),
(404,40,"STD","E","1",6,3),
(405,40,"STD","E","2",6,4),
(406,40,"STD","E","3",6,5),
(407,40,"WC","E","4",6,7),
(408,40,"WC","E","5",6,9),
(409,40,"WC","E","6",6,11),
(410,40,"WC","E","7",6,13),
(411,40,"WC","E","8",6,15),
(412,40,"STD","E","9",6,17),
(413,40,"STD","E","10",6,18),
(414,40,"STD","E","11",6,19),
(415,40,"STD","E","12",6,20),
(416,40,"STD","F","1",8,0),
(417,40,"STD","F","2",8,1),
(418,40,"STD","F","3",8,2),
(419,40,"STD","F","4",8,3),
(420,40,"STD","F","5",8,4),
(421,40,"STD","F","6",8,6),
(422,40,"STD","F","7",8,7),
(423,40,"STD","F","8",8,8),
(424,40,"STD","F","9",8,9),
(425,40,"STD","F","10",8,10),
(426,40,"STD","F","11",8,11),
(427,40,"STD","F","12",8,12),
(428,40,"STD","F","13",8,13),
(429,40,"STD","F","14",8,14),
(430,40,"STD","F","15",8,15),
(431,40,"STD","F","16",8,17),
(432,40,"STD","F","17",8,18),
(433,40,"STD","F","18",8,19),
(434,40,"STD","F","19",8,20),
(435,40,"STD","F","20",8,21),
(436,40,"STD","G","1",9,0),
(437,40,"STD","G","2",9,1),
(438,40,"STD","G","3",9,2),
(439,40,"STD","G","4",9,3),
(440,40,"STD","G","5",9,4),
(441,40,"STD","G","6",9,6),
(442,40,"STD","G","7",9,7),
(443,40,"STD","G","8",9,8),
(444,40,"STD","G","9",9,9),
(445,40,"STD","G","10",9,10),
(446,40,"STD","G","11",9,11),
(447,40,"STD","G","12",9,12),
(448,40,"STD","G","13",9,13),
(449,40,"STD","G","14",9,14),
(450,40,"STD","G","15",9,15),
(451,40,"STD","G","16",9,17),
(452,40,"STD","G","17",9,18),
(453,40,"STD","G","18",9,19),
(454,40,"STD","G","19",9,20),
(455,40,"STD","G","20",9,21),
(456,40,"STD","H","1",10,0),
(457,40,"STD","H","2",10,1),
(458,40,"STD","H","3",10,2),
(459,40,"STD","H","4",10,3),
(460,40,"STD","H","5",10,4),
(461,40,"STD","H","6",10,6),
(462,40,"STD","H","7",10,7),
(463,40,"STD","H","8",10,8),
(464,40,"DBOX","H","9",10,9),
(465,40,"DBOX","H","10",10,10),
(466,40,"DBOX","H","11",10,11),
(467,40,"DBOX","H","12",10,12),
(468,40,"STD","H","13",10,13),
(469,40,"STD","H","14",10,14),
(470,40,"STD","H","15",10,15),
(471,40,"STD","H","16",10,17),
(472,40,"STD","H","17",10,18),
(473,40,"STD","H","18",10,19),
(474,40,"STD","H","19",10,20),
(475,40,"STD","H","20",10,21),
(476,40,"STD","I","1",11,0),
(477,40,"STD","I","2",11,1),
(478,40,"STD","I","3",11,2),
(479,40,"STD","I","4",11,3),
(480,40,"STD","I","5",11,4),
(481,40,"STD","I","6",11,6),
(482,40,"STD","I","7",11,7),
(483,40,"STD","I","8",11,8),
(484,40,"DBOX","I","9",11,9),
(485,40,"DBOX","I","10",11,10),
(486,40,"DBOX","I","11",11,11),
(487,40,"DBOX","I","12",11,12),
(488,40,"STD","I","13",11,13),
(489,40,"STD","I","14",11,14),
(490,40,"STD","I","15",11,15),
(491,40,"STD","I","16",11,17),
(492,40,"STD","I","17",11,18),
(493,40,"STD","I","18",11,19),
(494,40,"STD","I","19",11,20),
(495,40,"STD","I","20",11,21),
(496,40,"STD","J","1",12,0),
(497,40,"STD","J","2",12,1),
(498,40,"STD","J","3",12,2),
(499,40,"STD","J","4",12,3),
(500,40,"STD","J","5",12,4),
(501,40,"STD","J","6",12,6),
(502,40,"STD","J","7",12,7),
(503,40,"STD","J","8",12,8),
(504,40,"DBOX","J","9",12,9),
(505,40,"DBOX","J","10",12,10),
(506,40,"DBOX","J","11",12,11),
(507,40,"DBOX","J","12",12,12),
(508,40,"STD","J","13",12,13),
(509,40,"STD","J","14",12,14),
(510,40,"STD","J","15",12,15),
(511,40,"STD","J","16",12,17),
(512,40,"STD","J","17",12,18),
(513,40,"STD","J","18",12,19),
(514,40,"STD","J","19",12,20),
(515,40,"STD","J","20",12,21),
(516,40,"STD","K","1",13,1),
(517,40,"STD","K","2",13,2),
(518,40,"STD","K","3",13,3),
(519,40,"STD","K","4",13,4),
(520,40,"STD","K","5",13,6),
(521,40,"STD","K","6",13,7),
(522,40,"STD","K","7",13,8),
(523,40,"DBOX","K","8",13,9),
(524,40,"DBOX","K","9",13,10),
(525,40,"DBOX","K","10",13,11),
(526,40,"DBOX","K","11",13,12),
(527,40,"STD","K","12",13,13),
(528,40,"STD","K","13",13,14),
(529,40,"STD","K","14",13,15),
(530,40,"STD","K","15",13,17),
(531,40,"STD","K","16",13,18),
(532,40,"STD","K","17",13,19),
(533,40,"STD","K","18",13,20),
(534,40,"STD","L","1",14,1),
(535,40,"STD","L","2",14,2),
(536,40,"STD","L","3",14,3),
(537,40,"STD","L","4",14,4),
(538,40,"STD","L","5",14,6),
(539,40,"STD","L","6",14,7),
(540,40,"STD","L","7",14,8),
(541,40,"DBOX","L","8",14,9),
(542,40,"DBOX","L","9",14,10),
(543,40,"DBOX","L","10",14,11),
(544,40,"DBOX","L","11",14,12),
(545,40,"STD","L","12",14,13),
(546,40,"STD","L","13",14,14),
(547,40,"STD","L","14",14,15),
(548,40,"STD","L","15",14,17),
(549,40,"STD","L","16",14,18),
(550,40,"STD","L","17",14,19),
(551,40,"STD","L","18",14,20),
(552,40,"STD","M","1",15,1),
(553,40,"STD","M","2",15,2),
(554,40,"STD","M","3",15,3),
(555,40,"STD","M","4",15,4),
(556,40,"STD","M","5",15,7),
(557,40,"STD","M","6",15,8),
(558,40,"STD","M","7",15,9),
(559,40,"STD","M","8",15,10),
(560,40,"STD","M","9",15,11),
(561,40,"STD","M","10",15,12),
(562,40,"STD","M","11",15,13),
(563,40,"STD","M","12",15,14),
(564,40,"STD","M","13",15,15),
(565,40,"STD","M","14",15,18),
(566,40,"STD","M","15",15,19),
(567,40,"STD","M","16",15,20),
(568,40,"STD","N","1",16,1),
(569,40,"STD","N","2",16,2),
(570,40,"STD","N","3",16,3),
(571,40,"STD","N","4",16,6),
(572,40,"STD","N","5",16,7),
(573,40,"STD","N","6",16,8),
(574,40,"STD","N","7",16,9),
(575,40,"STD","N","8",16,10),
(576,40,"STD","N","9",16,11),
(577,40,"STD","N","10",16,12),
(578,40,"STD","N","11",16,13),
(579,40,"STD","N","12",16,14),
(580,40,"STD","N","13",16,15),
(581,40,"STD","N","14",16,18),
(582,40,"STD","N","15",16,19),
(583,40,"STD","N","16",16,20),
(584,50,"STD","A","1",1,1),
(585,50,"STD","A","2",1,2),
(586,50,"STD","A","3",1,3),
(587,50,"STD","A","4",1,4),
(588,50,"STD","A","5",1,5),
(589,50,"STD","A","6",1,6),
(590,50,"STD","B","1",2,1),
(591,50,"STD","B","2",2,2),
(592,50,"STD","B","3",2,3),
(593,50,"STD","B","4",2,4),
(594,50,"STD","B","5",2,5),
(595,50,"STD","B","6",2,6),
(596,50,"WC","C","1",3,1),
(597,50,"WC","C","2",3,3),
(598,50,"STD","C","3",3,4),
(599,50,"WC","C","4",3,6),
(600,50,"ZGL","D","1",4,1),
(601,50,"ZGL","D","2",4,2),
(602,50,"ZGL","D","3",4,3),
(603,50,"ZGL","D","4",4,4),
(604,50,"ZGL","D","5",4,5),
(605,50,"ZGL","D","6",4,6),
(606,50,"ZGL","E","1",5,1),
(607,50,"ZGL","E","2",5,2),
(608,50,"ZGL","E","3",5,3),
(609,50,"ZGL","E","4",5,4),
(610,50,"ZGL","E","5",5,5),
(611,50,"ZGL","E","6",5,6),
(612,50,"ZGL","F","1",6,1),
(613,50,"ZGL","F","2",6,2),
(614,50,"ZGL","F","3",6,3),
(615,50,"ZGL","F","4",6,4),
(616,50,"ZGL","F","5",6,5),
(617,50,"ZGL","F","6",6,6),
(618,50,"STD","G","1",7,1),
(619,50,"STD","G","2",7,2),
(620,50,"STD","G","3",7,3),
(621,50,"STD","G","4",7,4),
(622,50,"STD","G","5",7,5),
(623,50,"STD","G","6",7,6),
(624,50,"STD","H","1",8,1),
(625,50,"STD","H","2",8,2),
(626,50,"STD","H","3",8,3),
(627,50,"STD","H","4",8,4),
(628,50,"STD","H","5",8,5),
(629,50,"STD","H","6",8,6),
(630,60,"STD","A","1",1,1),
(631,60,"STD","A","2",1,2),
(632,60,"STD","A","3",1,3),
(633,60,"STD","A","4",1,4),
(634,60,"STD","A","5",1,5),
(635,60,"STD","A","6",1,6),
(636,60,"STD","B","1",2,1),
(637,60,"STD","B","2",2,2),
(638,60,"STD","B","3",2,3),
(639,60,"STD","B","4",2,4),
(640,60,"STD","B","5",2,5),
(641,60,"STD","B","6",2,6),
(642,60,"WC","C","1",3,1),
(643,60,"WC","C","2",3,3),
(644,60,"STD","C","3",3,4),
(645,60,"WC","C","4",3,6),
(646,60,"ZGL","D","1",4,1),
(647,60,"ZGL","D","2",4,2),
(648,60,"ZGL","D","3",4,3),
(649,60,"ZGL","D","4",4,4),
(650,60,"ZGL","D","5",4,5),
(651,60,"ZGL","D","6",4,6),
(652,60,"ZGL","E","1",5,1),
(653,60,"ZGL","E","2",5,2),
(654,60,"ZGL","E","3",5,3),
(655,60,"ZGL","E","4",5,4),
(656,60,"ZGL","E","5",5,5),
(657,60,"ZGL","E","6",5,6),
(658,60,"ZGL","F","1",6,1),
(659,60,"ZGL","F","2",6,2),
(660,60,"ZGL","F","3",6,3),
(661,60,"ZGL","F","4",6,4),
(662,60,"ZGL","F","5",6,5),
(663,60,"ZGL","F","6",6,6),
(664,60,"STD","G","1",7,1),
(665,60,"STD","G","2",7,2),
(666,60,"STD","G","3",7,3),
(667,60,"STD","G","4",7,4),
(668,60,"STD","G","5",7,5),
(669,60,"STD","G","6",7,6),
(670,60,"STD","H","1",8,1),
(671,60,"STD","H","2",8,2),
(672,60,"STD","H","3",8,3),
(673,60,"STD","H","4",8,4),
(674,60,"STD","H","5",8,5),
(675,60,"STD","H","6",8,6),
(676,70,"STD","A","1",1,1),
(677,70,"STD","A","2",1,2),
(678,70,"STD","A","3",1,3),
(679,70,"STD","A","4",1,4),
(680,70,"STD","A","5",1,5),
(681,70,"STD","A","6",1,6),
(682,70,"STD","B","1",2,1),
(683,70,"STD","B","2",2,2),
(684,70,"STD","B","3",2,3),
(685,70,"STD","B","4",2,4),
(686,70,"STD","B","5",2,5),
(687,70,"STD","B","6",2,6),
(688,70,"WC","C","1",3,1),
(689,70,"WC","C","2",3,3),
(690,70,"STD","C","3",3,4),
(691,70,"WC","C","4",3,6),
(692,70,"ZGL","D","1",4,1),
(693,70,"ZGL","D","2",4,2),
(694,70,"ZGL","D","3",4,3),
(695,70,"ZGL","D","4",4,4),
(696,70,"ZGL","D","5",4,5),
(697,70,"ZGL","D","6",4,6),
(698,70,"ZGL","E","1",5,1),
(699,70,"ZGL","E","2",5,2),
(700,70,"ZGL","E","3",5,3),
(701,70,"ZGL","E","4",5,4),
(702,70,"ZGL","E","5",5,5),
(703,70,"ZGL","E","6",5,6),
(704,70,"ZGL","F","1",6,1),
(705,70,"ZGL","F","2",6,2),
(706,70,"ZGL","F","3",6,3),
(707,70,"ZGL","F","4",6,4),
(708,70,"ZGL","F","5",6,5),
(709,70,"ZGL","F","6",6,6),
(710,70,"STD","G","1",7,1),
(711,70,"STD","G","2",7,2),
(712,70,"STD","G","3",7,3),
(713,70,"STD","G","4",7,4),
(714,70,"STD","G","5",7,5),
(715,70,"STD","G","6",7,6),
(716,70,"STD","H","1",8,1),
(717,70,"STD","H","2",8,2),
(718,70,"STD","H","3",8,3),
(719,70,"STD","H","4",8,4),
(720,70,"STD","H","5",8,5),
(721,70,"STD","H","6",8,6),
(722,80,"STD","A","1",1,1),
(723,80,"STD","A","2",1,2),
(724,80,"STD","A","3",1,3),
(725,80,"STD","A","4",1,4),
(726,80,"STD","A","5",1,5),
(727,80,"STD","A","6",1,6),
(728,80,"STD","B","1",2,1),
(729,80,"STD","B","2",2,2),
(730,80,"STD","B","3",2,3),
(731,80,"STD","B","4",2,4),
(732,80,"STD","B","5",2,5),
(733,80,"STD","B","6",2,6),
(734,80,"WC","C","1",3,1),
(735,80,"WC","C","2",3,3),
(736,80,"STD","C","3",3,4),
(737,80,"WC","C","4",3,6),
(738,80,"ZGL","D","1",4,1),
(739,80,"ZGL","D","2",4,2),
(740,80,"ZGL","D","3",4,3),
(741,80,"ZGL","D","4",4,4),
(742,80,"ZGL","D","5",4,5),
(743,80,"ZGL","D","6",4,6),
(744,80,"ZGL","E","1",5,1),
(745,80,"ZGL","E","2",5,2),
(746,80,"ZGL","E","3",5,3),
(747,80,"ZGL","E","4",5,4),
(748,80,"ZGL","E","5",5,5),
(749,80,"ZGL","E","6",5,6),
(750,80,"ZGL","F","1",6,1),
(751,80,"ZGL","F","2",6,2),
(752,80,"ZGL","F","3",6,3),
(753,80,"ZGL","F","4",6,4),
(754,80,"ZGL","F","5",6,5),
(755,80,"ZGL","F","6",6,6),
(756,80,"STD","G","1",7,1),
(757,80,"STD","G","2",7,2),
(758,80,"STD","G","3",7,3),
(759,80,"STD","G","4",7,4),
(760,80,"STD","G","5",7,5),
(761,80,"STD","G","6",7,6),
(762,80,"STD","H","1",8,1),
(763,80,"STD","H","2",8,2),
(764,80,"STD","H","3",8,3),
(765,80,"STD","H","4",8,4),
(766,80,"STD","H","5",8,5),
(767,80,"STD","H","6",8,6),
(768,90,"STD","A","1",1,1),
(769,90,"STD","A","2",1,2),
(770,90,"STD","A","3",1,3),
(771,90,"STD","A","4",1,4),
(772,90,"STD","A","5",1,5),
(773,90,"STD","A","6",1,6),
(774,90,"STD","B","1",2,1),
(775,90,"STD","B","2",2,2),
(776,90,"STD","B","3",2,3),
(777,90,"STD","B","4",2,4),
(778,90,"STD","B","5",2,5),
(779,90,"STD","B","6",2,6),
(780,90,"WC","C","1",3,1),
(781,90,"WC","C","2",3,3),
(782,90,"STD","C","3",3,4),
(783,90,"WC","C","4",3,6),
(784,90,"ZGL","D","1",4,1),
(785,90,"ZGL","D","2",4,2),
(786,90,"ZGL","D","3",4,3),
(787,90,"ZGL","D","4",4,4),
(788,90,"ZGL","D","5",4,5),
(789,90,"ZGL","D","6",4,6),
(790,90,"ZGL","E","1",5,1),
(791,90,"ZGL","E","2",5,2),
(792,90,"ZGL","E","3",5,3),
(793,90,"ZGL","E","4",5,4),
(794,90,"ZGL","E","5",5,5),
(795,90,"ZGL","E","6",5,6),
(796,90,"ZGL","F","1",6,1),
(797,90,"ZGL","F","2",6,2),
(798,90,"ZGL","F","3",6,3),
(799,90,"ZGL","F","4",6,4),
(800,90,"ZGL","F","5",6,5),
(801,90,"ZGL","F","6",6,6),
(802,90,"STD","G","1",7,1),
(803,90,"STD","G","2",7,2),
(804,90,"STD","G","3",7,3),
(805,90,"STD","G","4",7,4),
(806,90,"STD","G","5",7,5),
(807,90,"STD","G","6",7,6),
(808,90,"STD","H","1",8,1),
(809,90,"STD","H","2",8,2),
(810,90,"STD","H","3",8,3),
(811,90,"STD","H","4",8,4),
(812,90,"STD","H","5",8,5),
(813,90,"STD","H","6",8,6),
(814,100,"STD","A","1",1,1),
(815,100,"STD","A","2",1,2),
(816,100,"STD","A","3",1,3),
(817,100,"STD","A","4",1,4),
(818,100,"STD","A","5",1,5),
(819,100,"STD","A","6",1,6),
(820,100,"STD","B","1",2,1),
(821,100,"STD","B","2",2,2),
(822,100,"STD","B","3",2,3),
(823,100,"STD","B","4",2,4),
(824,100,"STD","B","5",2,5),
(825,100,"STD","B","6",2,6),
(826,100,"WC","C","1",3,1),
(827,100,"WC","C","2",3,3),
(828,100,"STD","C","3",3,4),
(829,100,"WC","C","4",3,6),
(830,100,"ZGL","D","1",4,1),
(831,100,"ZGL","D","2",4,2),
(832,100,"ZGL","D","3",4,3),
(833,100,"ZGL","D","4",4,4),
(834,100,"ZGL","D","5",4,5),
(835,100,"ZGL","D","6",4,6),
(836,100,"ZGL","E","1",5,1),
(837,100,"ZGL","E","2",5,2),
(838,100,"ZGL","E","3",5,3),
(839,100,"ZGL","E","4",5,4),
(840,100,"ZGL","E","5",5,5),
(841,100,"ZGL","E","6",5,6),
(842,100,"ZGL","F","1",6,1),
(843,100,"ZGL","F","2",6,2),
(844,100,"ZGL","F","3",6,3),
(845,100,"ZGL","F","4",6,4),
(846,100,"ZGL","F","5",6,5),
(847,100,"ZGL","F","6",6,6),
(848,100,"STD","G","1",7,1),
(849,100,"STD","G","2",7,2),
(850,100,"STD","G","3",7,3),
(851,100,"STD","G","4",7,4),
(852,100,"STD","G","5",7,5),
(853,100,"STD","G","6",7,6),
(854,100,"STD","H","1",8,1),
(855,100,"STD","H","2",8,2),
(856,100,"STD","H","3",8,3),
(857,100,"STD","H","4",8,4),
(858,100,"STD","H","5",8,5),
(859,100,"STD","H","6",8,6),
(860,110,"STD","A","1",1,1),
(861,110,"STD","A","2",1,2),
(862,110,"STD","A","3",1,3),
(863,110,"STD","A","4",1,4),
(864,110,"STD","A","5",1,5),
(865,110,"STD","A","6",1,6),
(866,110,"STD","B","1",2,1),
(867,110,"STD","B","2",2,2),
(868,110,"STD","B","3",2,3),
(869,110,"STD","B","4",2,4),
(870,110,"STD","B","5",2,5),
(871,110,"STD","B","6",2,6),
(872,110,"WC","C","1",3,1),
(873,110,"WC","C","2",3,3),
(874,110,"STD","C","3",3,4),
(875,110,"WC","C","4",3,6),
(876,110,"ZGL","D","1",4,1),
(877,110,"ZGL","D","2",4,2),
(878,110,"ZGL","D","3",4,3),
(879,110,"ZGL","D","4",4,4),
(880,110,"ZGL","D","5",4,5),
(881,110,"ZGL","D","6",4,6),
(882,110,"ZGL","E","1",5,1),
(883,110,"ZGL","E","2",5,2),
(884,110,"ZGL","E","3",5,3),
(885,110,"ZGL","E","4",5,4),
(886,110,"ZGL","E","5",5,5),
(887,110,"ZGL","E","6",5,6),
(888,110,"ZGL","F","1",6,1),
(889,110,"ZGL","F","2",6,2),
(890,110,"ZGL","F","3",6,3),
(891,110,"ZGL","F","4",6,4),
(892,110,"ZGL","F","5",6,5),
(893,110,"ZGL","F","6",6,6),
(894,110,"STD","G","1",7,1),
(895,110,"STD","G","2",7,2),
(896,110,"STD","G","3",7,3),
(897,110,"STD","G","4",7,4),
(898,110,"STD","G","5",7,5),
(899,110,"STD","G","6",7,6),
(900,110,"STD","H","1",8,1),
(901,110,"STD","H","2",8,2),
(902,110,"STD","H","3",8,3),
(903,110,"STD","H","4",8,4),
(904,110,"STD","H","5",8,5),
(905,110,"STD","H","6",8,6),
(906,120,"STD","A","1",1,1),
(907,120,"STD","A","2",1,2),
(908,120,"STD","A","3",1,3),
(909,120,"STD","A","4",1,4),
(910,120,"STD","A","5",1,5),
(911,120,"STD","A","6",1,6),
(912,120,"STD","B","1",2,1),
(913,120,"STD","B","2",2,2),
(914,120,"STD","B","3",2,3),
(915,120,"STD","B","4",2,4),
(916,120,"STD","B","5",2,5),
(917,120,"STD","B","6",2,6),
(918,120,"WC","C","1",3,1),
(919,120,"WC","C","2",3,3),
(920,120,"STD","C","3",3,4),
(921,120,"WC","C","4",3,6),
(922,120,"ZGL","D","1",4,1),
(923,120,"ZGL","D","2",4,2),
(924,120,"ZGL","D","3",4,3),
(925,120,"ZGL","D","4",4,4),
(926,120,"ZGL","D","5",4,5),
(927,120,"ZGL","D","6",4,6),
(928,120,"ZGL","E","1",5,1),
(929,120,"ZGL","E","2",5,2),
(930,120,"ZGL","E","3",5,3),
(931,120,"ZGL","E","4",5,4),
(932,120,"ZGL","E","5",5,5),
(933,120,"ZGL","E","6",5,6),
(934,120,"ZGL","F","1",6,1),
(935,120,"ZGL","F","2",6,2),
(936,120,"ZGL","F","3",6,3),
(937,120,"ZGL","F","4",6,4),
(938,120,"ZGL","F","5",6,5),
(939,120,"ZGL","F","6",6,6),
(940,120,"STD","G","1",7,1),
(941,120,"STD","G","2",7,2),
(942,120,"STD","G","3",7,3),
(943,120,"STD","G","4",7,4),
(944,120,"STD","G","5",7,5),
(945,120,"STD","G","6",7,6),
(946,120,"STD","H","1",8,1),
(947,120,"STD","H","2",8,2),
(948,120,"STD","H","3",8,3),
(949,120,"STD","H","4",8,4),
(950,120,"STD","H","5",8,5),
(951,120,"STD","H","6",8,6),
(952,130,"STD","A","1",1,1),
(953,130,"STD","A","2",1,2),
(954,130,"STD","A","3",1,3),
(955,130,"STD","A","4",1,4),
(956,130,"STD","A","5",1,5),
(957,130,"STD","A","6",1,6),
(958,130,"STD","B","1",2,1),
(959,130,"STD","B","2",2,2),
(960,130,"STD","B","3",2,3),
(961,130,"STD","B","4",2,4),
(962,130,"STD","B","5",2,5),
(963,130,"STD","B","6",2,6),
(964,130,"WC","C","1",3,1),
(965,130,"WC","C","2",3,3),
(966,130,"STD","C","3",3,4),
(967,130,"WC","C","4",3,6),
(968,130,"ZGL","D","1",4,1),
(969,130,"ZGL","D","2",4,2),
(970,130,"ZGL","D","3",4,3),
(971,130,"ZGL","D","4",4,4),
(972,130,"ZGL","D","5",4,5),
(973,130,"ZGL","D","6",4,6),
(974,130,"ZGL","E","1",5,1),
(975,130,"ZGL","E","2",5,2),
(976,130,"ZGL","E","3",5,3),
(977,130,"ZGL","E","4",5,4),
(978,130,"ZGL","E","5",5,5),
(979,130,"ZGL","E","6",5,6),
(980,130,"ZGL","F","1",6,1),
(981,130,"ZGL","F","2",6,2),
(982,130,"ZGL","F","3",6,3),
(983,130,"ZGL","F","4",6,4),
(984,130,"ZGL","F","5",6,5),
(985,130,"ZGL","F","6",6,6),
(986,130,"STD","G","1",7,1),
(987,130,"STD","G","2",7,2),
(988,130,"STD","G","3",7,3),
(989,130,"STD","G","4",7,4),
(990,130,"STD","G","5",7,5),
(991,130,"STD","G","6",7,6),
(992,130,"STD","H","1",8,1),
(993,130,"STD","H","2",8,2),
(994,130,"STD","H","3",8,3),
(995,130,"STD","H","4",8,4),
(996,130,"STD","H","5",8,5),
(997,130,"STD","H","6",8,6),
(998,140,"STD","A","1",1,1),
(999,140,"STD","A","2",1,2),
(1000,140,"STD","A","3",1,3),
(1001,140,"STD","A","4",1,4),
(1002,140,"STD","A","5",1,5),
(1003,140,"STD","A","6",1,6),
(1004,140,"STD","B","1",2,1),
(1005,140,"STD","B","2",2,2),
(1006,140,"STD","B","3",2,3),
(1007,140,"STD","B","4",2,4),
(1008,140,"STD","B","5",2,5),
(1009,140,"STD","B","6",2,6),
(1010,140,"WC","C","1",3,1),
(1011,140,"WC","C","2",3,3),
(1012,140,"STD","C","3",3,4),
(1013,140,"WC","C","4",3,6),
(1014,140,"ZGL","D","1",4,1),
(1015,140,"ZGL","D","2",4,2),
(1016,140,"ZGL","D","3",4,3),
(1017,140,"ZGL","D","4",4,4),
(1018,140,"ZGL","D","5",4,5),
(1019,140,"ZGL","D","6",4,6),
(1020,140,"ZGL","E","1",5,1),
(1021,140,"ZGL","E","2",5,2),
(1022,140,"ZGL","E","3",5,3),
(1023,140,"ZGL","E","4",5,4),
(1024,140,"ZGL","E","5",5,5),
(1025,140,"ZGL","E","6",5,6),
(1026,140,"ZGL","F","1",6,1),
(1027,140,"ZGL","F","2",6,2),
(1028,140,"ZGL","F","3",6,3),
(1029,140,"ZGL","F","4",6,4),
(1030,140,"ZGL","F","5",6,5),
(1031,140,"ZGL","F","6",6,6),
(1032,140,"STD","G","1",7,1),
(1033,140,"STD","G","2",7,2),
(1034,140,"STD","G","3",7,3),
(1035,140,"STD","G","4",7,4),
(1036,140,"STD","G","5",7,5),
(1037,140,"STD","G","6",7,6),
(1038,140,"STD","H","1",8,1),
(1039,140,"STD","H","2",8,2),
(1040,140,"STD","H","3",8,3),
(1041,140,"STD","H","4",8,4),
(1042,140,"STD","H","5",8,5),
(1043,140,"STD","H","6",8,6),
(1044,150,"STD","A","1",1,1),
(1045,150,"STD","A","2",1,2),
(1046,150,"STD","A","3",1,3),
(1047,150,"STD","A","4",1,4),
(1048,150,"STD","A","5",1,5),
(1049,150,"STD","A","6",1,6),
(1050,150,"STD","B","1",2,1),
(1051,150,"STD","B","2",2,2),
(1052,150,"STD","B","3",2,3),
(1053,150,"STD","B","4",2,4),
(1054,150,"STD","B","5",2,5),
(1055,150,"STD","B","6",2,6),
(1056,150,"WC","C","1",3,1),
(1057,150,"WC","C","2",3,3),
(1058,150,"STD","C","3",3,4),
(1059,150,"WC","C","4",3,6),
(1060,150,"ZGL","D","1",4,1),
(1061,150,"ZGL","D","2",4,2),
(1062,150,"ZGL","D","3",4,3),
(1063,150,"ZGL","D","4",4,4),
(1064,150,"ZGL","D","5",4,5),
(1065,150,"ZGL","D","6",4,6),
(1066,150,"ZGL","E","1",5,1),
(1067,150,"ZGL","E","2",5,2),
(1068,150,"ZGL","E","3",5,3),
(1069,150,"ZGL","E","4",5,4),
(1070,150,"ZGL","E","5",5,5),
(1071,150,"ZGL","E","6",5,6),
(1072,150,"ZGL","F","1",6,1),
(1073,150,"ZGL","F","2",6,2),
(1074,150,"ZGL","F","3",6,3),
(1075,150,"ZGL","F","4",6,4),
(1076,150,"ZGL","F","5",6,5),
(1077,150,"ZGL","F","6",6,6),
(1078,150,"STD","G","1",7,1),
(1079,150,"STD","G","2",7,2),
(1080,150,"STD","G","3",7,3),
(1081,150,"STD","G","4",7,4),
(1082,150,"STD","G","5",7,5),
(1083,150,"STD","G","6",7,6),
(1084,150,"STD","H","1",8,1),
(1085,150,"STD","H","2",8,2),
(1086,150,"STD","H","3",8,3),
(1087,150,"STD","H","4",8,4),
(1088,150,"STD","H","5",8,5),
(1089,150,"STD","H","6",8,6),
(1090,160,"STD","A","1",1,1),
(1091,160,"STD","A","2",1,2),
(1092,160,"STD","A","3",1,3),
(1093,160,"STD","A","4",1,4),
(1094,160,"STD","A","5",1,5),
(1095,160,"STD","A","6",1,6),
(1096,160,"STD","B","1",2,1),
(1097,160,"STD","B","2",2,2),
(1098,160,"STD","B","3",2,3),
(1099,160,"STD","B","4",2,4),
(1100,160,"STD","B","5",2,5),
(1101,160,"STD","B","6",2,6),
(1102,160,"WC","C","1",3,1),
(1103,160,"WC","C","2",3,3),
(1104,160,"STD","C","3",3,4),
(1105,160,"WC","C","4",3,6),
(1106,160,"ZGL","D","1",4,1),
(1107,160,"ZGL","D","2",4,2),
(1108,160,"ZGL","D","3",4,3),
(1109,160,"ZGL","D","4",4,4),
(1110,160,"ZGL","D","5",4,5),
(1111,160,"ZGL","D","6",4,6),
(1112,160,"ZGL","E","1",5,1),
(1113,160,"ZGL","E","2",5,2),
(1114,160,"ZGL","E","3",5,3),
(1115,160,"ZGL","E","4",5,4),
(1116,160,"ZGL","E","5",5,5),
(1117,160,"ZGL","E","6",5,6),
(1118,160,"ZGL","F","1",6,1),
(1119,160,"ZGL","F","2",6,2),
(1120,160,"ZGL","F","3",6,3),
(1121,160,"ZGL","F","4",6,4),
(1122,160,"ZGL","F","5",6,5),
(1123,160,"ZGL","F","6",6,6),
(1124,160,"STD","G","1",7,1),
(1125,160,"STD","G","2",7,2),
(1126,160,"STD","G","3",7,3),
(1127,160,"STD","G","4",7,4),
(1128,160,"STD","G","5",7,5),
(1129,160,"STD","G","6",7,6),
(1130,160,"STD","H","1",8,1),
(1131,160,"STD","H","2",8,2),
(1132,160,"STD","H","3",8,3),
(1133,160,"STD","H","4",8,4),
(1134,160,"STD","H","5",8,5),
(1135,160,"STD","H","6",8,6),
(1136,170,"STD","A","1",1,1),
(1137,170,"STD","A","2",1,2),
(1138,170,"STD","A","3",1,3),
(1139,170,"STD","A","4",1,4),
(1140,170,"STD","A","5",1,5),
(1141,170,"STD","A","6",1,6),
(1142,170,"STD","B","1",2,1),
(1143,170,"STD","B","2",2,2),
(1144,170,"STD","B","3",2,3),
(1145,170,"STD","B","4",2,4),
(1146,170,"STD","B","5",2,5),
(1147,170,"STD","B","6",2,6),
(1148,170,"WC","C","1",3,1),
(1149,170,"WC","C","2",3,3),
(1150,170,"STD","C","3",3,4),
(1151,170,"WC","C","4",3,6),
(1152,170,"ZGL","D","1",4,1),
(1153,170,"ZGL","D","2",4,2),
(1154,170,"ZGL","D","3",4,3),
(1155,170,"ZGL","D","4",4,4),
(1156,170,"ZGL","D","5",4,5),
(1157,170,"ZGL","D","6",4,6),
(1158,170,"ZGL","E","1",5,1),
(1159,170,"ZGL","E","2",5,2),
(1160,170,"ZGL","E","3",5,3),
(1161,170,"ZGL","E","4",5,4),
(1162,170,"ZGL","E","5",5,5),
(1163,170,"ZGL","E","6",5,6),
(1164,170,"ZGL","F","1",6,1),
(1165,170,"ZGL","F","2",6,2),
(1166,170,"ZGL","F","3",6,3),
(1167,170,"ZGL","F","4",6,4),
(1168,170,"ZGL","F","5",6,5),
(1169,170,"ZGL","F","6",6,6),
(1170,170,"STD","G","1",7,1),
(1171,170,"STD","G","2",7,2),
(1172,170,"STD","G","3",7,3),
(1173,170,"STD","G","4",7,4),
(1174,170,"STD","G","5",7,5),
(1175,170,"STD","G","6",7,6),
(1176,170,"STD","H","1",8,1),
(1177,170,"STD","H","2",8,2),
(1178,170,"STD","H","3",8,3),
(1179,170,"STD","H","4",8,4),
(1180,170,"STD","H","5",8,5),
(1181,170,"STD","H","6",8,6),
(1182,180,"STD","A","1",1,1),
(1183,180,"STD","A","2",1,2),
(1184,180,"STD","A","3",1,3),
(1185,180,"STD","A","4",1,4),
(1186,180,"STD","A","5",1,5),
(1187,180,"STD","A","6",1,6),
(1188,180,"STD","B","1",2,1),
(1189,180,"STD","B","2",2,2),
(1190,180,"STD","B","3",2,3),
(1191,180,"STD","B","4",2,4),
(1192,180,"STD","B","5",2,5),
(1193,180,"STD","B","6",2,6),
(1194,180,"WC","C","1",3,1),
(1195,180,"WC","C","2",3,3),
(1196,180,"STD","C","3",3,4),
(1197,180,"WC","C","4",3,6),
(1198,180,"ZGL","D","1",4,1),
(1199,180,"ZGL","D","2",4,2),
(1200,180,"ZGL","D","3",4,3),
(1201,180,"ZGL","D","4",4,4),
(1202,180,"ZGL","D","5",4,5),
(1203,180,"ZGL","D","6",4,6),
(1204,180,"ZGL","E","1",5,1),
(1205,180,"ZGL","E","2",5,2),
(1206,180,"ZGL","E","3",5,3),
(1207,180,"ZGL","E","4",5,4),
(1208,180,"ZGL","E","5",5,5),
(1209,180,"ZGL","E","6",5,6),
(1210,180,"ZGL","F","1",6,1),
(1211,180,"ZGL","F","2",6,2),
(1212,180,"ZGL","F","3",6,3),
(1213,180,"ZGL","F","4",6,4),
(1214,180,"ZGL","F","5",6,5),
(1215,180,"ZGL","F","6",6,6),
(1216,180,"STD","G","1",7,1),
(1217,180,"STD","G","2",7,2),
(1218,180,"STD","G","3",7,3),
(1219,180,"STD","G","4",7,4),
(1220,180,"STD","G","5",7,5),
(1221,180,"STD","G","6",7,6),
(1222,180,"STD","H","1",8,1),
(1223,180,"STD","H","2",8,2),
(1224,180,"STD","H","3",8,3),
(1225,180,"STD","H","4",8,4),
(1226,180,"STD","H","5",8,5),
(1227,180,"STD","H","6",8,6),
(1228,190,"STD","A","1",1,1),
(1229,190,"STD","A","2",1,2),
(1230,190,"STD","A","3",1,3),
(1231,190,"STD","A","4",1,4),
(1232,190,"STD","A","5",1,5),
(1233,190,"STD","A","6",1,6),
(1234,190,"STD","B","1",2,1),
(1235,190,"STD","B","2",2,2),
(1236,190,"STD","B","3",2,3),
(1237,190,"STD","B","4",2,4),
(1238,190,"STD","B","5",2,5),
(1239,190,"STD","B","6",2,6),
(1240,190,"WC","C","1",3,1),
(1241,190,"WC","C","2",3,3),
(1242,190,"STD","C","3",3,4),
(1243,190,"WC","C","4",3,6),
(1244,190,"ZGL","D","1",4,1),
(1245,190,"ZGL","D","2",4,2),
(1246,190,"ZGL","D","3",4,3),
(1247,190,"ZGL","D","4",4,4),
(1248,190,"ZGL","D","5",4,5),
(1249,190,"ZGL","D","6",4,6),
(1250,190,"ZGL","E","1",5,1),
(1251,190,"ZGL","E","2",5,2),
(1252,190,"ZGL","E","3",5,3),
(1253,190,"ZGL","E","4",5,4),
(1254,190,"ZGL","E","5",5,5),
(1255,190,"ZGL","E","6",5,6),
(1256,190,"ZGL","F","1",6,1),
(1257,190,"ZGL","F","2",6,2),
(1258,190,"ZGL","F","3",6,3),
(1259,190,"ZGL","F","4",6,4),
(1260,190,"ZGL","F","5",6,5),
(1261,190,"ZGL","F","6",6,6),
(1262,190,"STD","G","1",7,1),
(1263,190,"STD","G","2",7,2),
(1264,190,"STD","G","3",7,3),
(1265,190,"STD","G","4",7,4),
(1266,190,"STD","G","5",7,5),
(1267,190,"STD","G","6",7,6),
(1268,190,"STD","H","1",8,1),
(1269,190,"STD","H","2",8,2),
(1270,190,"STD","H","3",8,3),
(1271,190,"STD","H","4",8,4),
(1272,190,"STD","H","5",8,5),
(1273,190,"STD","H","6",8,6),
(1274,200,"STD","A","1",1,1),
(1275,200,"STD","A","2",1,2),
(1276,200,"STD","A","3",1,3),
(1277,200,"STD","A","4",1,4),
(1278,200,"STD","A","5",1,5),
(1279,200,"STD","A","6",1,6),
(1280,200,"STD","B","1",2,1),
(1281,200,"STD","B","2",2,2),
(1282,200,"STD","B","3",2,3),
(1283,200,"STD","B","4",2,4),
(1284,200,"STD","B","5",2,5),
(1285,200,"STD","B","6",2,6),
(1286,200,"WC","C","1",3,1),
(1287,200,"WC","C","2",3,3),
(1288,200,"STD","C","3",3,4),
(1289,200,"WC","C","4",3,6),
(1290,200,"ZGL","D","1",4,1),
(1291,200,"ZGL","D","2",4,2),
(1292,200,"ZGL","D","3",4,3),
(1293,200,"ZGL","D","4",4,4),
(1294,200,"ZGL","D","5",4,5),
(1295,200,"ZGL","D","6",4,6),
(1296,200,"ZGL","E","1",5,1),
(1297,200,"ZGL","E","2",5,2),
(1298,200,"ZGL","E","3",5,3),
(1299,200,"ZGL","E","4",5,4),
(1300,200,"ZGL","E","5",5,5),
(1301,200,"ZGL","E","6",5,6),
(1302,200,"ZGL","F","1",6,1),
(1303,200,"ZGL","F","2",6,2),
(1304,200,"ZGL","F","3",6,3),
(1305,200,"ZGL","F","4",6,4),
(1306,200,"ZGL","F","5",6,5),
(1307,200,"ZGL","F","6",6,6),
(1308,200,"STD","G","1",7,1),
(1309,200,"STD","G","2",7,2),
(1310,200,"STD","G","3",7,3),
(1311,200,"STD","G","4",7,4),
(1312,200,"STD","G","5",7,5),
(1313,200,"STD","G","6",7,6),
(1314,200,"STD","H","1",8,1),
(1315,200,"STD","H","2",8,2),
(1316,200,"STD","H","3",8,3),
(1317,200,"STD","H","4",8,4),
(1318,200,"STD","H","5",8,5),
(1319,200,"STD","H","6",8,6);



INSERT INTO Showing (ShowingID,TheatreID,MovieID,StartDtm,EndDtm,IsReservedSeating,ShowingStatusCode)
    VALUES
(1,30,1,'2020-10-22 15:00:00','2020-10-22 17:19:00',0,'C'),
(2,30,1,'2020-10-22 18:00:00','2020-10-22 20:19:00',0,'C'),
(3,30,1,'2020-10-23 16:15:00','2020-10-23 18:34:00',0,'A'),
(4,30,1,'2020-10-23 19:15:00','2020-10-23 21:34:00',1,'A'),
(5,30,1,'2020-10-24 15:00:00','2020-10-24 17:19:00',0,'A'),
(6,30,1,'2020-10-24 18:00:00','2020-10-24 20:19:00',0,'A'),
(7,40,2,'2020-10-22 14:30:00','2020-10-22 16:34:00',0,'C'),
(8,40,2,'2020-10-22 16:50:00','2020-10-22 18:54:00',0,'C'),
(9,40,2,'2020-10-23 13:10:00','2020-10-23 15:14:00',0,'A'),
(10,40,2,'2020-10-23 15:35:00','2020-10-23 17:39:00',0,'A'),
(11,40,2,'2020-10-24 12:10:00','2020-10-24 14:14:00',0,'A'),
(12,40,2,'2020-10-24 15:35:00','2020-10-24 17:39:00',1,'A'),
(13,50,3,'2020-10-22 14:45:00','2020-10-22 16:31:00',1,'C'),
(14,50,3,'2020-10-22 19:30:00','2020-10-22 21:16:00',1,'C'),
(15,50,3,'2020-10-23 18:40:00','2020-10-23 20:26:00',1,'L'),
(16,50,3,'2020-10-23 21:30:00','2020-10-23 23:16:00',1,'A'),
(17,50,3,'2020-10-24 18:40:00','2020-10-24 20:26:00',1,'A'),
(18,50,3,'2020-10-24 21:30:00','2020-10-24 23:16:00',1,'A'),
(19,60,4,'2020-10-22 15:30:00','2020-10-22 17:24:00',0,'C'),
(20,60,4,'2020-10-22 18:10:00','2020-10-22 20:04:00',0,'C'),
(21,60,4,'2020-10-23 18:40:00','2020-10-23 20:34:00',0,'A'),
(22,60,4,'2020-10-23 18:15:00','2020-10-23 20:09:00',0,'L'),
(23,60,4,'2020-10-23 20:40:00','2020-10-23 22:34:00',0,'A'),
(24,60,4,'2020-10-24 18:15:00','2020-10-24 20:09:00',0,'A'),
(25,60,4,'2020-10-24 20:40:00','2020-10-24 22:34:00',0,'A'),
(26,70,5,'2020-10-22 16:00:00','2020-10-22 17:58:00',0,'C'),
(27,70,5,'2020-10-22 18:30:00','2020-10-22 20:28:00',0,'C'),
(28,70,5,'2020-10-22 21:00:00','2020-10-22 22:58:00',0,'C'),
(29,70,5,'2020-10-23 14:30:00','2020-10-23 16:28:00',1,'SO'),
(30,70,5,'2020-10-23 17:00:00','2020-10-23 18:58:00',1,'SO'),
(31,70,5,'2020-10-23 19:30:00','2020-10-23 21:28:00',0,'A'),
(32,70,5,'2020-10-23 22:00:00','2020-10-23 23:58:00',0,'A'),
(33,70,5,'2020-10-24 14:30:00','2020-10-24 16:28:00',0,'A'),
(34,70,5,'2020-10-24 17:00:00','2020-10-24 18:58:00',0,'A'),
(35,70,5,'2020-10-24 19:30:00','2020-10-24 21:28:00',0,'A'),
(36,70,5,'2020-10-24 22:00:00','2020-10-24 23:58:00',0,'RES'),
(37,80,6,'2020-10-22 15:15:00','2020-10-22 18:00:00',0,'C'),
(38,80,6,'2020-10-22 19:20:00','2020-10-22 22:05:00',0,'C'),
(39,80,6,'2020-10-22 15:50:00','2020-10-22 18:35:00',0,'C'),
(40,80,6,'2020-10-22 19:20:00','2020-10-22 22:05:00',0,'C'),
(41,80,6,'2020-10-22 15:50:00','2020-10-22 18:35:00',0,'C'),
(42,80,6,'2020-10-22 19:20:00','2020-10-22 22:05:00',0,'C'),
(43,90,5,'2020-10-22 19:00:00','2020-10-22 20:58:00',0,'C'),
(44,90,5,'2020-10-23 19:00:00','2020-10-23 20:58:00',0,'A'),
(45,90,5,'2020-10-23 21:30:00','2020-10-23 23:28:00',0,'A'),
(46,90,5,'2020-10-24 19:00:00','2020-10-24 20:58:00',0,'A'),
(47,90,5,'2020-10-24 21:30:00','2020-10-24 23:28:00',0,'A'),
(48,100,6,'2020-10-22 18:15:00','2020-10-22 21:00:00',0,'C'),
(49,100,6,'2020-10-23 17:45:00','2020-10-23 20:30:00',0,'A'),
(50,100,6,'2020-10-23 21:00:00','2020-10-23 23:45:00',1,'A'),
(51,100,6,'2020-10-24 14:15:00','2020-10-24 17:00:00',0,'A'),
(52,100,6,'2020-10-24 17:45:00','2020-10-24 20:30:00',0,'A'),
(53,100,6,'2020-10-24 21:00:00','2020-10-24 23:45:00',0,'A'),
(54,200,9,'2020-10-22 18:10:00','2020-10-22 20:15:00',0,'C'),
(55,130,10,'2020-10-22 19:20:00','2020-10-22 21:20:00',0,'C'),
(56,130,10,'2020-10-23 18:30:00','2020-10-23 20:30:00',0,'A'),
(57,140,10,'2020-10-23 19:20:00','2020-10-23 21:20:00',0,'A'),
(58,130,10,'2020-10-23 21:40:00','2020-10-23 23:40:00',0,'A'),
(59,130,10,'2020-10-24 13:40:00','2020-10-24 15:40:00',1,'A'),
(60,140,10,'2020-10-24 15:20:00','2020-10-24 17:20:00',0,'A'),
(61,130,10,'2020-10-24 16:30:00','2020-10-24 18:30:00',0,'A'),
(62,140,10,'2020-10-24 18:30:00','2020-10-24 20:30:00',0,'A'),
(63,130,10,'2020-10-24 19:20:00','2020-10-24 21:20:00',0,'A'),
(64,140,10,'2020-10-24 21:40:00','2020-10-24 23:40:00',0,'A'),
(65,190,11,'2020-10-22 18:40:00','2020-10-22 21:28:00',0,'C'),
(66,150,14,'2020-10-23 18:50:00','2020-10-23 21:05:00',1,'A'),
(67,150,14,'2020-10-24 16:15:00','2020-10-24 18:30:00',0,'A'),
(68,150,14,'2020-10-24 18:50:00','2020-10-24 21:05:00',0,'A'),
(69,160,15,'2020-10-22 19:30:00','2020-10-22 21:44:00',0,'C'),
(70,160,15,'2020-10-23 19:50:00','2020-10-23 22:04:00',0,'A'),
(71,160,15,'2020-10-24 21:05:00','2020-10-24 23:19:00',0,'A'),
(72,170,18,'2020-10-22 19:40:00','2020-10-22 21:29:00',0,'C'),
(73,170,18,'2020-10-23 19:00:00','2020-10-23 20:49:00',1,'A'),
(74,170,18,'2020-10-24 14:00:00','2020-10-24 15:49:00',1,'A'),
(75,170,18,'2020-10-24 16:35:00','2020-10-24 18:24:00',1,'A'),
(76,170,18,'2020-10-24 19:00:00','2020-10-24 20:49:00',1,'A'),
(77,10,1,'2020-10-22 15:00:00','2020-10-22 17:19:00',0,'C'),
(78,20,1,'2020-10-22 18:00:00','2020-10-22 20:19:00',0,'C'),
(79,10,2,'2020-10-23 16:15:00','2020-10-23 18:34:00',0,'A');

INSERT INTO UsedCapacity (ShowingID,TheatreID,CapacityTypeCode,QuantityUsed)
    VALUES
(2,30,"STD",117),
(3,30,"STD",47),
(4,30,"STD",46),
(5,30,"STD",47),
(6,30,"STD",47),
(1,30,"STD",117),
(2,30,"WC",2),
(3,30,"WC",1),
(4,30,"WC",1),
(5,30,"WC",1),
(6,30,"WC",1),
(1,30,"WC",2),
(11,40,"DBOX",4),
(12,40,"DBOX",4),
(10,40,"DBOX",4),
(9,40,"DBOX",4),
(8,40,"DBOX",10),
(7,40,"DBOX",10),
(11,40,"STD",45),
(12,40,"STD",44),
(10,40,"STD",45),
(9,40,"STD",45),
(8,40,"STD",114),
(7,40,"STD",114),
(11,40,"WC",1),
(12,40,"WC",1),
(10,40,"WC",1),
(9,40,"WC",1),
(8,40,"WC",2),
(7,40,"WC",2),
(14,50,"STD",12),
(15,50,"STD",20),
(16,50,"STD",5),
(17,50,"STD",5),
(18,50,"STD",5),
(13,50,"STD",12),
(14,50,"WC",2),
(15,50,"WC",3),
(16,50,"WC",1),
(17,50,"WC",1),
(18,50,"WC",1),
(13,50,"WC",2),
(14,50,"ZGL",9),
(15,50,"ZGL",16),
(16,50,"ZGL",4),
(17,50,"ZGL",4),
(18,50,"ZGL",4),
(13,50,"ZGL",9),
(19,60,"STD",12),
(23,60,"STD",5),
(25,60,"STD",5),
(24,60,"STD",5),
(20,60,"STD",12),
(21,60,"STD",5),
(22,60,"STD",22),
(19,60,"WC",2),
(23,60,"WC",1),
(25,60,"WC",1),
(24,60,"WC",1),
(20,60,"WC",2),
(21,60,"WC",1),
(22,60,"WC",3),
(19,60,"ZGL",9),
(23,60,"ZGL",4),
(25,60,"ZGL",4),
(24,60,"ZGL",4),
(20,60,"ZGL",9),
(21,60,"ZGL",4),
(22,60,"ZGL",16),
(30,70,"STD",25),
(36,70,"STD",12),
(35,70,"STD",5),
(34,70,"STD",5),
(33,70,"STD",5),
(31,70,"STD",5),
(29,70,"STD",25),
(28,70,"STD",12),
(27,70,"STD",12),
(26,70,"STD",12),
(32,70,"STD",5),
(30,70,"WC",3),
(36,70,"WC",2),
(35,70,"WC",1),
(34,70,"WC",1),
(33,70,"WC",1),
(31,70,"WC",1),
(29,70,"WC",3),
(28,70,"WC",2),
(27,70,"WC",2),
(26,70,"WC",2),
(32,70,"WC",1),
(30,70,"ZGL",18),
(36,70,"ZGL",9),
(35,70,"ZGL",4),
(34,70,"ZGL",4),
(33,70,"ZGL",4),
(31,70,"ZGL",4),
(29,70,"ZGL",18),
(28,70,"ZGL",9),
(27,70,"ZGL",9),
(26,70,"ZGL",9),
(32,70,"ZGL",4),
(38,80,"STD",12),
(39,80,"STD",12),
(40,80,"STD",12),
(41,80,"STD",12),
(42,80,"STD",12),
(37,80,"STD",12),
(38,80,"WC",2),
(39,80,"WC",2),
(40,80,"WC",2),
(41,80,"WC",2),
(42,80,"WC",2),
(37,80,"WC",2),
(38,80,"ZGL",9),
(39,80,"ZGL",9),
(40,80,"ZGL",9),
(41,80,"ZGL",9),
(42,80,"ZGL",9),
(37,80,"ZGL",9),
(47,90,"STD",5),
(43,90,"STD",12),
(44,90,"STD",5),
(45,90,"STD",5),
(46,90,"STD",5),
(47,90,"WC",1),
(43,90,"WC",2),
(44,90,"WC",1),
(45,90,"WC",1),
(46,90,"WC",1),
(47,90,"ZGL",4),
(43,90,"ZGL",9),
(44,90,"ZGL",4),
(45,90,"ZGL",4),
(46,90,"ZGL",4),
(53,100,"STD",5),
(52,100,"STD",5),
(51,100,"STD",5),
(50,100,"STD",5),
(48,100,"STD",12),
(49,100,"STD",5),
(53,100,"WC",1),
(52,100,"WC",1),
(51,100,"WC",1),
(50,100,"WC",1),
(48,100,"WC",2),
(49,100,"WC",1),
(53,100,"ZGL",4),
(52,100,"ZGL",4),
(51,100,"ZGL",4),
(50,100,"ZGL",4),
(48,100,"ZGL",9),
(49,100,"ZGL",4),
(59,130,"STD",5),
(63,130,"STD",5),
(61,130,"STD",5),
(58,130,"STD",5),
(56,130,"STD",5),
(55,130,"STD",12),
(59,130,"WC",1),
(63,130,"WC",1),
(61,130,"WC",1),
(58,130,"WC",1),
(56,130,"WC",1),
(55,130,"WC",2),
(59,130,"ZGL",4),
(63,130,"ZGL",4),
(61,130,"ZGL",4),
(58,130,"ZGL",4),
(56,130,"ZGL",4),
(55,130,"ZGL",9),
(60,140,"STD",5),
(62,140,"STD",5),
(57,140,"STD",5),
(64,140,"STD",5),
(60,140,"WC",1),
(62,140,"WC",1),
(57,140,"WC",1),
(64,140,"WC",1),
(60,140,"ZGL",4),
(62,140,"ZGL",4),
(57,140,"ZGL",4),
(64,140,"ZGL",4),
(66,150,"STD",5),
(67,150,"STD",5),
(68,150,"STD",5),
(66,150,"WC",1),
(67,150,"WC",1),
(68,150,"WC",1),
(66,150,"ZGL",4),
(67,150,"ZGL",4),
(68,150,"ZGL",4),
(69,160,"STD",12),
(70,160,"STD",5),
(71,160,"STD",5),
(69,160,"WC",2),
(70,160,"WC",1),
(71,160,"WC",1),
(69,160,"ZGL",9),
(70,160,"ZGL",4),
(71,160,"ZGL",4),
(76,170,"STD",5),
(72,170,"STD",12),
(73,170,"STD",5),
(74,170,"STD",5),
(75,170,"STD",5),
(76,170,"WC",1),
(72,170,"WC",2),
(73,170,"WC",1),
(74,170,"WC",1),
(75,170,"WC",1),
(76,170,"ZGL",4),
(72,170,"ZGL",9),
(73,170,"ZGL",4),
(74,170,"ZGL",4),
(75,170,"ZGL",4);



INSERT INTO UsedSeat (ShowingID,CapacityTypeCode,TheatreID,SeatID)
	VALUES
(4,"STD",30,209),
(4,"STD",30,204),
(4,"STD",30,205),
(4,"STD",30,199),
(4,"STD",30,211),
(4,"STD",30,214),
(4,"STD",30,215),
(4,"STD",30,216),
(4,"STD",30,189),
(4,"STD",30,191),
(4,"STD",30,192),
(4,"STD",30,200),
(4,"STD",30,198),
(4,"STD",30,188),
(4,"STD",30,154),
(4,"STD",30,140),
(4,"STD",30,141),
(4,"STD",30,144),
(4,"STD",30,151),
(4,"STD",30,145),
(4,"STD",30,122),
(4,"STD",30,155),
(4,"STD",30,131),
(4,"STD",30,132),
(4,"STD",30,135),
(4,"STD",30,121),
(4,"STD",30,176),
(4,"STD",30,178),
(4,"STD",30,179),
(4,"STD",30,180),
(4,"STD",30,157),
(4,"STD",30,159),
(4,"STD",30,160),
(4,"STD",30,161),
(4,"STD",30,120),
(4,"STD",30,173),
(4,"STD",30,175),
(4,"STD",30,162),
(4,"STD",30,206),
(4,"STD",30,223),
(4,"STD",30,222),
(4,"STD",30,221),
(4,"STD",30,220),
(4,"STD",30,219),
(4,"STD",30,98),
(4,"STD",30,97),
(4,"WC",30,169),
(12,"DBOX",40,467),
(12,"DBOX",40,484),
(12,"DBOX",40,464),
(12,"DBOX",40,505),
(12,"STD",40,582),
(12,"STD",40,583),
(12,"STD",40,572),
(12,"STD",40,562),
(12,"STD",40,563),
(12,"STD",40,564),
(12,"STD",40,565),
(12,"STD",40,569),
(12,"STD",40,571),
(12,"STD",40,573),
(12,"STD",40,570),
(12,"STD",40,489),
(12,"STD",40,492),
(12,"STD",40,493),
(12,"STD",40,498),
(12,"STD",40,502),
(12,"STD",40,503),
(12,"STD",40,497),
(12,"STD",40,462),
(12,"STD",40,461),
(12,"STD",40,460),
(12,"STD",40,488),
(12,"STD",40,480),
(12,"STD",40,483),
(12,"STD",40,548),
(12,"STD",40,539),
(12,"STD",40,540),
(12,"STD",40,510),
(12,"STD",40,547),
(12,"STD",40,534),
(12,"STD",40,551),
(12,"STD",40,555),
(12,"STD",40,556),
(12,"STD",40,559),
(12,"STD",40,515),
(12,"STD",40,517),
(12,"STD",40,519),
(12,"STD",40,536),
(12,"STD",40,535),
(12,"STD",40,527),
(12,"STD",40,533),
(12,"STD",40,522),
(12,"STD",40,336),
(12,"STD",40,337),
(14,"STD",50,625),
(14,"STD",50,627),
(14,"STD",50,626),
(14,"STD",50,624),
(14,"STD",50,598),
(14,"STD",50,591),
(14,"STD",50,621),
(14,"STD",50,620),
(14,"STD",50,592),
(14,"STD",50,619),
(14,"STD",50,585),
(14,"STD",50,586),
(15,"STD",50,625),
(15,"STD",50,629),
(15,"STD",50,627),
(15,"STD",50,626),
(15,"STD",50,594),
(15,"STD",50,628),
(15,"STD",50,624),
(15,"STD",50,595),
(15,"STD",50,593),
(15,"STD",50,598),
(15,"STD",50,591),
(15,"STD",50,588),
(15,"STD",50,623),
(15,"STD",50,621),
(15,"STD",50,620),
(15,"STD",50,592),
(15,"STD",50,619),
(15,"STD",50,587),
(15,"STD",50,585),
(15,"STD",50,586),
(16,"STD",50,594),
(16,"STD",50,595),
(16,"STD",50,593),
(16,"STD",50,591),
(16,"STD",50,592),
(17,"STD",50,591),
(17,"STD",50,621),
(17,"STD",50,620),
(17,"STD",50,592),
(17,"STD",50,619),
(18,"STD",50,594),
(18,"STD",50,593),
(18,"STD",50,622),
(18,"STD",50,592),
(18,"STD",50,619),
(13,"STD",50,629),
(13,"STD",50,627),
(13,"STD",50,626),
(13,"STD",50,593),
(13,"STD",50,598),
(13,"STD",50,588),
(13,"STD",50,623),
(13,"STD",50,622),
(13,"STD",50,620),
(13,"STD",50,592),
(13,"STD",50,619),
(13,"STD",50,587),
(14,"WC",50,599),
(14,"WC",50,597),
(15,"WC",50,599),
(15,"WC",50,597),
(15,"WC",50,596),
(16,"WC",50,596),
(17,"WC",50,597),
(18,"WC",50,599),
(13,"WC",50,599),
(13,"WC",50,597),
(14,"ZGL",50,603),
(14,"ZGL",50,604),
(14,"ZGL",50,605),
(14,"ZGL",50,606),
(14,"ZGL",50,609),
(14,"ZGL",50,611),
(14,"ZGL",50,612),
(14,"ZGL",50,613),
(14,"ZGL",50,608),
(15,"ZGL",50,610),
(15,"ZGL",50,601),
(15,"ZGL",50,602),
(15,"ZGL",50,603),
(15,"ZGL",50,604),
(15,"ZGL",50,605),
(15,"ZGL",50,606),
(15,"ZGL",50,607),
(15,"ZGL",50,609),
(15,"ZGL",50,616),
(15,"ZGL",50,611),
(15,"ZGL",50,617),
(15,"ZGL",50,613),
(15,"ZGL",50,614),
(15,"ZGL",50,615),
(15,"ZGL",50,608),
(16,"ZGL",50,610),
(16,"ZGL",50,602),
(16,"ZGL",50,603),
(16,"ZGL",50,611),
(17,"ZGL",50,602),
(17,"ZGL",50,603),
(17,"ZGL",50,607),
(17,"ZGL",50,608),
(18,"ZGL",50,606),
(18,"ZGL",50,609),
(18,"ZGL",50,612),
(18,"ZGL",50,608),
(13,"ZGL",50,602),
(13,"ZGL",50,603),
(13,"ZGL",50,607),
(13,"ZGL",50,609),
(13,"ZGL",50,616),
(13,"ZGL",50,613),
(13,"ZGL",50,614),
(13,"ZGL",50,615),
(13,"ZGL",50,608),
(30,"STD",70,682),
(30,"STD",70,716),
(30,"STD",70,715),
(30,"STD",70,713),
(30,"STD",70,677),
(30,"STD",70,711),
(30,"STD",70,710),
(30,"STD",70,680),
(30,"STD",70,717),
(30,"STD",70,679),
(30,"STD",70,714),
(30,"STD",70,683),
(30,"STD",70,684),
(30,"STD",70,685),
(30,"STD",70,686),
(30,"STD",70,687),
(30,"STD",70,678),
(30,"STD",70,676),
(30,"STD",70,690),
(30,"STD",70,681),
(30,"STD",70,719),
(30,"STD",70,720),
(30,"STD",70,721),
(30,"STD",70,718),
(30,"STD",70,712),
(29,"STD",70,682),
(29,"STD",70,716),
(29,"STD",70,715),
(29,"STD",70,713),
(29,"STD",70,677),
(29,"STD",70,711),
(29,"STD",70,710),
(29,"STD",70,680),
(29,"STD",70,717),
(29,"STD",70,679),
(29,"STD",70,714),
(29,"STD",70,683),
(29,"STD",70,684),
(29,"STD",70,685),
(29,"STD",70,686),
(29,"STD",70,687),
(29,"STD",70,678),
(29,"STD",70,676),
(29,"STD",70,690),
(29,"STD",70,681),
(29,"STD",70,719),
(29,"STD",70,720),
(29,"STD",70,721),
(29,"STD",70,718),
(29,"STD",70,712),
(30,"WC",70,688),
(30,"WC",70,689),
(30,"WC",70,691),
(29,"WC",70,688),
(29,"WC",70,689),
(29,"WC",70,691),
(30,"ZGL",70,701),
(30,"ZGL",70,705),
(30,"ZGL",70,709),
(30,"ZGL",70,708),
(30,"ZGL",70,706),
(30,"ZGL",70,704),
(30,"ZGL",70,703),
(30,"ZGL",70,702),
(30,"ZGL",70,694),
(30,"ZGL",70,699),
(30,"ZGL",70,698),
(30,"ZGL",70,697),
(30,"ZGL",70,692),
(30,"ZGL",70,696),
(30,"ZGL",70,693),
(30,"ZGL",70,695),
(30,"ZGL",70,707),
(30,"ZGL",70,700),
(29,"ZGL",70,701),
(29,"ZGL",70,705),
(29,"ZGL",70,709),
(29,"ZGL",70,708),
(29,"ZGL",70,706),
(29,"ZGL",70,704),
(29,"ZGL",70,703),
(29,"ZGL",70,702),
(29,"ZGL",70,694),
(29,"ZGL",70,699),
(29,"ZGL",70,698),
(29,"ZGL",70,697),
(29,"ZGL",70,692),
(29,"ZGL",70,696),
(29,"ZGL",70,693),
(29,"ZGL",70,695),
(29,"ZGL",70,707),
(29,"ZGL",70,700),
(50,"STD",100,817),
(50,"STD",100,818),
(50,"STD",100,851),
(50,"STD",100,856),
(50,"STD",100,850),
(50,"WC",100,826),
(50,"ZGL",100,838),
(50,"ZGL",100,843),
(50,"ZGL",100,842),
(50,"ZGL",100,839),
(59,"STD",130,961),
(59,"STD",130,992),
(59,"STD",130,995),
(59,"STD",130,962),
(59,"STD",130,987),
(59,"WC",130,965),
(59,"ZGL",130,977),
(59,"ZGL",130,976),
(59,"ZGL",130,971),
(59,"ZGL",130,974),
(66,"STD",150,1054),
(66,"STD",150,1053),
(66,"STD",150,1052),
(66,"STD",150,1081),
(66,"STD",150,1051),
(66,"WC",150,1056),
(66,"ZGL",150,1068),
(66,"ZGL",150,1067),
(66,"ZGL",150,1070),
(66,"ZGL",150,1069),
(76,"STD",170,1178),
(76,"STD",170,1175),
(76,"STD",170,1171),
(76,"STD",170,1179),
(76,"STD",170,1170),
(73,"STD",170,1176),
(73,"STD",170,1173),
(73,"STD",170,1171),
(73,"STD",170,1170),
(73,"STD",170,1174),
(74,"STD",170,1178),
(74,"STD",170,1173),
(74,"STD",170,1172),
(74,"STD",170,1171),
(74,"STD",170,1174),
(75,"STD",170,1177),
(75,"STD",170,1176),
(75,"STD",170,1175),
(75,"STD",170,1173),
(75,"STD",170,1174),
(76,"WC",170,1148),
(73,"WC",170,1149),
(74,"WC",170,1149),
(75,"WC",170,1151),
(76,"ZGL",170,1156),
(76,"ZGL",170,1158),
(76,"ZGL",170,1157),
(76,"ZGL",170,1159),
(73,"ZGL",170,1156),
(73,"ZGL",170,1157),
(73,"ZGL",170,1160),
(73,"ZGL",170,1161),
(74,"ZGL",170,1163),
(74,"ZGL",170,1162),
(74,"ZGL",170,1159),
(74,"ZGL",170,1160),
(75,"ZGL",170,1163),
(75,"ZGL",170,1162),
(75,"ZGL",170,1160),
(75,"ZGL",170,1161);



